,T,p,dist
0,1.0,0.06934745914714804,0
1,2.0,0.12544672106013355,0
2,3.0,0.14538675680972712,0
3,4.0,0.14041821527143233,0
4,5.0,0.12272781242239279,0
5,6.0,0.10069881437856541,0
6,7.0,0.07909898114651433,0
7,8.0,0.06018085190412728,0
8,9.0,0.044684884479102426,0
9,10.0,0.032547171280838214,0
10,11.0,0.023340524207115035,0
11,12.0,0.016524563159262106,0
12,13.0,0.01157351911254101,0
13,14.0,0.00803178165319685,0
14,15.0,0.00552993822030886,0
15,16.0,0.0037812440541997376,0
16,17.0,0.0025699131243808572,0
17,18.0,0.001737290285854724,0
18,19.0,0.0011688226518426523,0
19,20.0,0.0007829974993373475,0
20,21.0,0.0005225040623036602,0
21,22.0,0.0003474506313659032,0
22,23.0,0.00023030659748168996,0
23,24.0,0.00015221163841403658,0
24,25.0,0.00010032782906035114,0
25,26.0,6.596577671812128e-05,0
26,27.0,4.327338980332807e-05,0
27,28.0,2.832699557048385e-05,0
28,29.0,1.8506412627260443e-05,0
29,30.0,1.2068249339406884e-05,0
30,31.0,7.856318252281723e-06,0
31,32.0,5.1061559883723e-06,0
32,33.0,3.3136938249228815e-06,0
33,34.0,2.147401168300786e-06,0
34,35.0,1.3897359824288463e-06,0
35,36.0,8.982609248657672e-07,0
36,37.0,5.799010368342985e-07,0
37,38.0,3.739504930328097e-07,0
38,39.0,2.4088441444697256e-07,0
39,40.0,1.5501054365138546e-07,0
0,1.0,0.05350012564982723,1
1,2.0,0.11422778314382445,1
2,3.0,0.14329160327642335,1
3,4.0,0.14457947467907933,1
4,5.0,0.12947241611937296,1
5,6.0,0.10751612009022381,1
6,7.0,0.08475253384656876,1
7,8.0,0.06430984040649743,1
8,9.0,0.04739783149437003,1
9,10.0,0.03414019439184338,1
10,11.0,0.024138179391688722,1
11,12.0,0.016806615654868517,1
12,13.0,0.011552106179069689,1
13,14.0,0.007853754536460327,1
14,15.0,0.005289160840983936,1
15,16.0,0.003532807810749807,1
16,17.0,0.0023426690673609978,1
17,18.0,0.0015435439519711084,1
18,19.0,0.0010112191090614964,1
19,20.0,0.0006590896094660043,1
20,21.0,0.00042759636362335097,1
21,22.0,0.0002762491393639698,1
22,23.0,0.00017779000817765096,1
23,24.0,0.0001140235712772545,1
24,25.0,7.289317478374887e-05,1
25,26.0,4.646152820259826e-05,1
26,27.0,2.95332726892853e-05,1
27,28.0,1.8725248492310876e-05,1
28,29.0,1.1844559020425738e-05,1
29,30.0,7.4757537558478865e-06,1
30,31.0,4.708672858407063e-06,1
31,32.0,2.9600985716255493e-06,1
32,33.0,1.8575024873928484e-06,1
33,34.0,1.1636303827306727e-06,1
34,35.0,7.277896679648723e-07,1
35,36.0,4.545075032716686e-07,1
36,37.0,2.834369721607369e-07,1
37,38.0,1.7651648568320304e-07,1
38,39.0,1.0978875395229013e-07,1
39,40.0,6.820283339155176e-08,1
0,1.0,0.03246669335397632,2
1,2.0,0.09860206063637059,2
2,3.0,0.14436826683884063,2
3,4.0,0.15679330492928806,2
4,5.0,0.14457676638977413,2
5,6.0,0.12020066135738432,2
6,7.0,0.09304368618919501,2
7,8.0,0.06835278589853294,2
8,9.0,0.04824805286046792,2
9,10.0,0.03300052157737095,2
10,11.0,0.022003514677253883,2
11,12.0,0.01436556611965765,2
12,13.0,0.009214630383487566,2
13,14.0,0.00582232424043977,2
14,15.0,0.003631457121160949,2
15,16.0,0.0022395424083445008,2
16,17.0,0.001367498213910781,2
17,18.0,0.0008277066666082164,2
18,19.0,0.0004970744043543456,2
19,20.0,0.00029642242585760565,2
20,21.0,0.0001756481929940962,2
21,22.0,0.00010348464202148009,2
22,23.0,6.064989835943597e-05,2
23,24.0,3.537530402325334e-05,2
24,25.0,2.0542647537245952e-05,2
25,26.0,1.1880889217191038e-05,2
26,27.0,6.845590789174656e-06,2
27,28.0,3.930619508667194e-06,2
28,29.0,2.2495999402851577e-06,2
29,30.0,1.2836278462209537e-06,2
30,31.0,7.303793305985111e-07,2
31,32.0,4.1448716931043265e-07,2
32,33.0,2.346375772139578e-07,2
33,34.0,1.325171721055134e-07,2
34,35.0,7.467814910476407e-08,2
35,36.0,4.199672613198589e-08,2
36,37.0,2.3571495026723458e-08,2
37,38.0,1.3205473407811035e-08,2
38,39.0,7.385124017402906e-09,2
39,40.0,4.12322678640251e-09,2
0,1.0,0.019458712293132445,3
1,2.0,0.08151691657541069,3
2,3.0,0.1383975666486112,3
3,4.0,0.1623351766840657,3
4,5.0,0.15548872423341925,3
5,6.0,0.13101607830554,3
6,7.0,0.1010507296748725,3
7,8.0,0.07305333155675495,3
8,9.0,0.05026524460396041,3
9,10.0,0.03326270283139602,3
10,11.0,0.02132768379576264,3
11,12.0,0.013323381951710074,3
12,13.0,0.008142982862458547,3
13,14.0,0.004884955184083649,3
14,15.0,0.002883787365951782,3
15,16.0,0.001678774653484164,3
16,17.0,0.0009653504243438532,3
17,18.0,0.0005490999756684665,3
18,19.0,0.00030931646120104466,3
19,20.0,0.0001727318431241288,3
20,21.0,9.570371072338177e-05,3
21,22.0,5.2648961812953624e-05,3
22,23.0,2.8776024507281076e-05,3
23,24.0,1.563478249699492e-05,3
24,25.0,8.448578777581405e-06,3
25,26.0,4.542470688046588e-06,3
26,27.0,2.430984064816347e-06,3
27,28.0,1.2953897122381034e-06,3
28,29.0,6.875091997246038e-07,3
29,30.0,3.635250491859093e-07,3
30,31.0,1.91546549734807e-07,3
31,32.0,1.005992534238447e-07,3
32,33.0,5.267238621126924e-08,3
33,34.0,2.7499107144837467e-08,3
34,35.0,1.4317730671622884e-08,3
35,36.0,7.4356043522363895e-09,3
36,37.0,3.852173789575204e-09,3
37,38.0,1.99112776575817e-09,3
38,39.0,1.026946477771102e-09,3
39,40.0,5.285666404507801e-10,3
0,1.0,0.009212098110054526,4
1,2.0,0.06197276484660001,4
2,3.0,0.13018287601917208,4
3,4.0,0.16980441831545656,4
4,5.0,0.17058575695807862,4
5,6.0,0.1452806495064139,4
6,7.0,0.11040110529198359,4
7,8.0,0.07718069661569336,4
8,9.0,0.05062585324673597,4
9,10.0,0.031579719733392596,4
10,11.0,0.018914054295467594,4
11,12.0,0.01095415984408238,4
12,13.0,0.006167778816576387,4
13,14.0,0.003390396720167372,4
14,15.0,0.0018255109733816659,4
15,16.0,0.0009653650878905688,4
16,17.0,0.0005024832321490862,4
17,18.0,0.0002579057632506629,4
18,19.0,0.0001307281008251621,4
19,20.0,6.552435571934023e-05,4
20,21.0,3.2511595968221036e-05,4
21,22.0,1.598397958174037e-05,4
22,23.0,7.792869307769264e-06,4
23,24.0,3.770380280228573e-06,4
24,25.0,1.8114223702420079e-06,4
25,26.0,8.646506437809561e-07,4
26,27.0,4.102611664988368e-07,4
27,28.0,1.9358343600114684e-07,4
28,29.0,9.087267952371185e-08,4
29,30.0,4.245295442546321e-08,4
30,31.0,1.9743724113958462e-08,4
31,32.0,9.143676593765601e-09,4
32,33.0,4.217896055525525e-09,4
33,34.0,1.9384590856076104e-09,4
34,35.0,8.87762415995589e-10,4
35,36.0,4.05230297903085e-10,4
36,37.0,1.8439568071349088e-10,4
37,38.0,8.36595665971765e-11,4
38,39.0,3.784976778902771e-11,4
39,40.0,1.70787159111588e-11,4
0,1.0,0.004188699726972021,5
1,2.0,0.044783390235153056,5
2,3.0,0.11668168437725757,5
3,4.0,0.17054979352073382,5
4,5.0,0.18161233505522745,5
5,6.0,0.15828268567613843,5
6,7.0,0.12013772363952539,5
7,8.0,0.0824097144661511,5
8,9.0,0.05232534661587055,5
9,10.0,0.031258565550388834,5
10,11.0,0.017774818000488662,5
11,12.0,0.009704062910876922,5
12,13.0,0.005119757025560816,5
13,14.0,0.0026235906964111894,5
14,15.0,0.0013111148281432091,5
15,16.0,0.0006410495261886445,5
16,17.0,0.0003074684349959501,5
17,18.0,0.0001449845679452749,5
18,19.0,6.733712932257909e-05,5
19,20.0,3.085142296956402e-05,5
20,21.0,1.3962421620272908e-05,5
21,22.0,6.248960921295398e-06,5
22,23.0,2.7685137971264644e-06,5
23,24.0,1.2152139327880138e-06,5
24,25.0,5.288777627374846e-07,5
25,26.0,2.2837311628132222e-07,5
26,27.0,9.789926382481172e-08,5
27,28.0,4.168580573992926e-08,5
28,29.0,1.763911034367162e-08,5
29,30.0,7.4204345344342285e-09,5
30,31.0,3.1046490341924115e-09,5
31,32.0,1.2923396917145469e-09,5
32,33.0,5.353754315153917e-10,5
33,34.0,2.2079138689922738e-10,5
34,35.0,9.066951418724336e-11,5
35,36.0,3.708513459533447e-11,5
36,37.0,1.511100095915145e-11,5
37,38.0,6.135206281242784e-12,5
38,39.0,2.4824961758824573e-12,5
39,40.0,1.001258606437793e-12,5
0,1.0,0.0003370048815043087,6
1,2.0,0.015661054422904497,6
2,3.0,0.08009075134573539,6
3,4.0,0.1659377542822442,6
4,5.0,0.20955382113815,6
5,6.0,0.19348441102640343,6
6,7.0,0.143927591932358,6
7,8.0,0.09140042657079253,6
8,9.0,0.05143824631393354,6
9,10.0,0.026317098211799173,6
10,11.0,0.012465416214138752,6
11,12.0,0.005540230055408886,6
12,13.0,0.002334169742480073,6
13,14.0,0.0009396481884304996,6
14,15.0,0.00036371145559346764,6
15,16.0,0.00013605322684047196,6
16,17.0,4.938799701940635e-05,6
17,18.0,1.7457665993757144e-05,6
18,19.0,6.0263246596991605e-06,6
19,20.0,2.0364672489231695e-06,6
20,21.0,6.750921599273698e-07,6
21,22.0,2.1993057779835837e-07,6
22,23.0,7.052087700630086e-08,6
23,24.0,2.2286713626248596e-08,6
24,25.0,6.950009781990913e-09,6
25,26.0,2.1408688892984298e-09,6
26,27.0,6.520227791867692e-10,6
27,28.0,1.9649989348090777e-10,6
28,29.0,5.864213161064994e-11,6
29,30.0,1.7341769955677872e-11,6
30,31.0,5.084793586485057e-12,6
31,32.0,1.4790562464209844e-12,6
32,33.0,4.2701291303324915e-13,6
33,34.0,1.2241556996438476e-13,6
34,35.0,3.486174404249444e-14,6
35,36.0,9.865993574813049e-15,6
36,37.0,2.7756258534850937e-15,6
37,38.0,7.765091462592884e-16,6
38,39.0,2.1608482523602097e-16,6
39,40.0,5.982888138913415e-17,6
0,1.0,3.861691341926289e-05,7
1,2.0,0.0059307503180898785,7
2,3.0,0.053136250914112386,7
3,4.0,0.14873941078810377,7
4,5.0,0.22009722477528385,7
5,6.0,0.21761641853897698,7
6,7.0,0.16290184288409618,7
7,8.0,0.09947435683372265,7
8,9.0,0.05199260695722446,7
9,10.0,0.024037205876805367,7
10,11.0,0.010062690368475314,7
11,12.0,0.0038810157818057788,7
12,13.0,0.0013972807205995387,7
13,14.0,0.0004744211929525816,7
14,15.0,0.00015314491660357513,7
15,16.0,4.730788769843307e-05,7
16,17.0,1.405967665568849e-05,7
17,18.0,4.0378329234250655e-06,7
18,19.0,1.1247636485754865e-06,7
19,20.0,3.0484218629783945e-07,7
20,21.0,8.0603026830975e-08,7
21,22.0,2.083960714286653e-08,7
22,23.0,5.279048543613395e-09,7
23,24.0,1.3125176746049206e-09,7
24,25.0,3.2077529403758206e-10,7
25,26.0,7.71663133214998e-11,7
26,27.0,1.8293814947062636e-11,7
27,28.0,4.2785094939494414e-12,7
28,29.0,9.88111045372769e-13,7
29,30.0,2.2553572181010128e-13,7
30,31.0,5.091620333122135e-14,7
31,32.0,1.1377075578028453e-14,7
32,33.0,2.517758851985981e-15,7
33,34.0,5.521495879388403e-16,7
34,35.0,1.200568684894505e-16,7
35,36.0,2.589489163396022e-17,7
36,37.0,5.542810157235155e-18,7
37,38.0,1.177907965048325e-18,7
38,39.0,2.4861139076358286e-19,7
39,40.0,5.213261235588716e-20,7
0,1.0,4.364850598295552e-06,8
1,2.0,0.0021661642438476347,8
2,3.0,0.03380632169256841,8
3,4.0,0.12799242177239306,8
4,5.0,0.22300731047050623,8
5,6.0,0.2378272792362304,8
6,7.0,0.18075163628762134,8
7,8.0,0.1072059471958081,8
8,9.0,0.05261504577463672,8
9,10.0,0.02223947833004794,8
10,11.0,0.008330124751365344,8
11,12.0,0.0028238266809742347,8
12,13.0,0.0008803001879108226,8
13,14.0,0.0002555226961934853,8
14,15.0,6.97452489665541e-05,8
15,16.0,1.804417357648278e-05,8
16,17.0,4.453680731778255e-06,8
17,18.0,1.0543843337217687e-06,8
18,19.0,2.4051108615137527e-07,8
19,20.0,5.306210341868514e-08,8
20,21.0,1.1359553531490604e-08,8
21,22.0,2.366367790506666e-09,8
22,23.0,4.80841348572506e-10,8
23,24.0,9.550797813089227e-11,8
24,25.0,1.857816438461171e-11,8
25,26.0,3.544894238129178e-12,8
26,27.0,6.644655565413935e-13,8
27,28.0,1.225103677029423e-13,8
28,29.0,2.2243730651473836e-14,8
29,30.0,3.981336312030819e-15,8
30,31.0,7.031437396130946e-16,8
31,32.0,1.2263716607807605e-16,8
32,33.0,2.1139636856022035e-17,8
33,34.0,3.603919360775357e-18,8
34,35.0,6.080410929740006e-19,8
35,36.0,1.0158411527395185e-19,8
36,37.0,1.681463417177797e-20,8
37,38.0,2.758880132565242e-21,8
38,39.0,4.489110624734115e-22,8
39,40.0,7.246913338288742e-23,8
0,1.0,7.408829253148601e-07,9
1,2.0,0.0008825486398669569,9
2,3.0,0.021286426822176324,9
3,4.0,0.10400675197713898,9
4,5.0,0.2118716860406808,9
5,6.0,0.24817582268093538,9
6,7.0,0.1984266912393519,9
7,8.0,0.1199643093781374,9
8,9.0,0.05858564645286233,9
9,10.0,0.024176713656733594,9
10,11.0,0.008706338775533666,9
11,12.0,0.0028016742233864834,9
12,13.0,0.0008203027496636739,9
13,14.0,0.00022161138853692402,9
14,15.0,5.5859451016636725e-05,9
15,16.0,1.3254942939600957e-05,9
16,17.0,2.9827536398885656e-06,9
17,18.0,6.403993033644708e-07,9
18,19.0,1.318517901267845e-07,9
19,20.0,2.614512432216343e-08,9
20,21.0,5.011400492177907e-09,9
21,22.0,9.314570338909503e-10,9
22,23.0,1.6834120995937845e-10,9
23,24.0,2.965368835077623e-11,9
24,25.0,5.1019638853164714e-12,9
25,26.0,8.589523493791246e-13,9
26,27.0,1.417377477192388e-13,9
27,28.0,2.2957299471443997e-14,9
28,29.0,3.654619524813283e-15,9
29,30.0,5.724785354384408e-16,9
30,31.0,8.833470051460761e-17,9
31,32.0,1.3439225069797393e-17,9
32,33.0,2.0177397195295745e-18,9
33,34.0,2.9919034126183753e-19,9
34,35.0,4.384651781252787e-20,9
35,36.0,6.3549897678693366e-21,9
36,37.0,9.114866292241552e-22,9
37,38.0,1.2944457542523522e-22,9
38,39.0,1.8211219485097878e-23,9
39,40.0,2.5393487846670004e-24,9
0,1.0,1.6453445877071568e-07,10
1,2.0,0.00040048837340470446,10
2,3.0,0.01387480046010535,10
3,4.0,0.08429225372733044,10
4,5.0,0.19727008814567348,10
5,6.0,0.2525161776430804,10
6,7.0,0.21314833850387652,10
7,8.0,0.1326523151398328,10
8,9.0,0.06541170286720484,10
9,10.0,0.026844363712335763,10
10,11.0,0.009495883924132786,10
11,12.0,0.002971295122671257,10
12,13.0,0.0008387310486416786,10
13,14.0,0.00021687187912672922,10
14,15.0,5.199346702789661e-05,10
15,16.0,1.1670805526776636e-05,10
16,17.0,2.4724566331261852e-06,10
17,18.0,4.976295496547424e-07,10
18,19.0,9.568427623899499e-08,10
19,20.0,1.7659098453744424e-08,10
20,21.0,3.140713499253888e-09,10
21,22.0,5.401514151414858e-10,10
22,23.0,9.010027813613927e-11,10
23,24.0,1.4614724016845354e-11,10
24,25.0,2.31047317626012e-12,10
25,26.0,3.5672394017567025e-13,10
26,27.0,5.388410267057565e-14,10
27,28.0,7.975859336832462e-15,10
28,29.0,1.1585140439632899e-15,10
29,30.0,1.6534372941798506e-16,10
30,31.0,2.3213344508718066e-17,10
31,32.0,3.20925695481781e-18,10
32,33.0,4.373200882377092e-19,10
33,34.0,5.878913213243185e-20,10
34,35.0,7.802599295773385e-21,10
35,36.0,1.0231498265249147e-21,10
36,37.0,1.3264294245669956e-22,10
37,38.0,1.701133344689381e-23,10
38,39.0,2.159462069906535e-24,10
39,40.0,2.7147573440628466e-25,10
0,1.0,1.2831298070672128e-08,11
1,2.0,0.00011157821712273258,11
2,3.0,0.007208781722120232,11
3,4.0,0.06258590995752658,11
4,5.0,0.1809114466519217,11
5,6.0,0.26082388424326075,11
6,7.0,0.23267335341317083,11
7,8.0,0.14606641931191994,11
8,9.0,0.07011427939122371,11
9,10.0,0.02723505069130838,11
10,11.0,0.008913969857317941,11
11,12.0,0.0025327821050447168,11
12,13.0,0.0006390752628656785,11
13,14.0,0.00014574224310654317,11
14,15.0,3.0462389257661268e-05,11
15,16.0,5.901705209882874e-06,11
16,17.0,1.069610780193055e-06,11
17,18.0,1.8273508261708254e-07,11
18,19.0,2.961701925801984e-08,11
19,20.0,4.578592329514853e-09,11
20,21.0,6.782626207640223e-10,11
21,22.0,9.666366981213275e-11,11
22,23.0,1.3299101927554393e-11,11
23,24.0,1.7716514185358665e-12,11
24,25.0,2.291262089286354e-13,11
25,26.0,2.8835054987228525e-14,11
26,27.0,3.538433409159501e-15,11
27,28.0,4.241725454670587e-16,11
28,29.0,4.9754055856592513e-17,11
29,30.0,5.7188591279197265e-18,11
30,31.0,6.450046160766519e-19,11
31,32.0,7.146794219491716e-20,11
32,33.0,7.788055374381703e-21,11
33,34.0,8.355027150542556e-22,11
34,35.0,8.832059928976338e-23,11
35,36.0,9.207301346800225e-24,11
36,37.0,9.473056917963542e-25,11
37,38.0,9.625872406139258e-26,11
38,39.0,9.66636509997743e-27,11
39,40.0,9.598846764899794e-28,11
0,1.0,3.9337559392897595e-09,12
1,2.0,5.4751208929576254e-05,12
2,3.0,0.004601213575113232,12
3,4.0,0.047731179444168444,12
4,5.0,0.15736129252430012,12
5,6.0,0.2512482219259778,12
6,7.0,0.2432231866041622,12
7,8.0,0.1632506510975596,12
8,9.0,0.08283730847716571,12
9,10.0,0.03371109207365031,12
10,11.0,0.011476088390348964,12
11,12.0,0.0033713206147372495,12
12,13.0,0.0008750878499078138,12
13,14.0,0.00020442037699783198,12
14,15.0,4.360538320439746e-05,12
15,16.0,8.594018503263001e-06,12
16,17.0,1.5800164917099082e-06,12
17,18.0,2.7314263417058195e-07,12
18,19.0,4.469641386754387e-08,12
19,20.0,6.96239225215125e-09,12
20,21.0,1.0373749906713503e-09,12
21,22.0,1.4845734917690228e-10,12
22,23.0,2.0479230880364573e-11,12
23,24.0,2.731681269195816e-12,12
24,25.0,3.532993525970941e-13,12
25,26.0,4.441235208830609e-14,12
26,27.0,5.438077409191155e-15,12
27,28.0,6.498280541427926e-16,12
28,29.0,7.591127410087489e-17,12
29,30.0,8.682334840761629e-18,12
30,31.0,9.73623801267948e-19,12
31,32.0,1.0718027308743593e-19,12
32,33.0,1.159583151904772e-20,12
33,34.0,1.2342477563721723e-21,12
34,35.0,1.293680744788719e-22,12
35,36.0,1.336448941581174e-23,12
36,37.0,1.36183146246501e-24,12
37,38.0,1.3698017265696571e-25,12
38,39.0,1.3609691231536777e-26,12
39,40.0,1.3364898607519085e-27,12
0,1.0,8.749885194840006e-10,13
1,2.0,2.2677475145581846e-05,13
2,3.0,0.002669192134264295,13
3,4.0,0.03451205968563247,13
4,5.0,0.13303844589510141,13
5,6.0,0.238528265387746,13
6,7.0,0.25216587658725803,13
7,8.0,0.1810984472881972,13
8,9.0,0.09680385565162132,13
9,10.0,0.0409925415228013,13
10,11.0,0.014377048595723948,13
11,12.0,0.0043157011815208235,13
12,13.0,0.0011367945441075242,13
13,14.0,0.000267905523631885,13
14,15.0,5.736213660709873e-05,13
15,16.0,1.1297800774098959e-05,13
16,17.0,2.067705757782906e-06,13
17,18.0,3.5461383485627477e-07,13
18,19.0,5.739165558011175e-08,13
19,20.0,8.817626508694795e-09,13
20,21.0,1.2926168437548694e-09,13
21,22.0,1.8159355431196446e-10,13
22,23.0,2.45407447264438e-11,13
23,24.0,3.200854177998107e-12,13
24,25.0,4.041041596582158e-13,13
25,26.0,4.950856490691439e-14,13
26,27.0,5.8994494842207736e-15,13
27,28.0,6.851156046389194e-16,13
28,29.0,7.768231901353833e-17,13
29,30.0,8.613731799556569e-18,13
30,31.0,9.354204949391871e-19,13
31,32.0,9.961936573647277e-20,13
32,33.0,1.0416550158337105e-20,13
33,34.0,1.070588149158812e-21,13
34,35.0,1.082612780398848e-22,13
35,36.0,1.0781351465958044e-23,13
36,37.0,1.0582470949647498e-24,13
37,38.0,1.02459000820574e-25,13
38,39.0,9.792001847848149e-27,13
39,40.0,9.243509607516111e-28,13
0,1.0,1.7376882999112055e-10,14
1,2.0,8.522316100782902e-06,14
2,3.0,0.0014273394020040044,14
3,4.0,0.023367530466114794,14
4,5.0,0.10698881008725637,14
5,6.0,0.21880228404087818,14
6,7.0,0.2565814781268332,14
7,8.0,0.20026581920688283,14
8,9.0,0.11454082378856871,14
9,10.0,0.051262736832303646,14
10,11.0,0.018813545390229707,14
11,12.0,0.005861175154737618,14
12,13.0,0.0015912875159702668,14
13,14.0,0.0003842621150998723,14
14,15.0,8.387819470663288e-05,14
15,16.0,1.6767893816885174e-05,14
16,17.0,3.1027713589630056e-06,14
17,18.0,5.361686331387423e-07,14
18,19.0,8.71663427773042e-08,14
19,20.0,1.3415668156849833e-08,14
20,21.0,1.965231378064682e-09,14
21,22.0,2.752647383709765e-10,14
22,23.0,3.701298024331875e-11,14
23,24.0,4.794397667181965e-12,14
24,25.0,6.000887938924251e-13,14
25,26.0,7.277252206805092e-14,14
26,27.0,8.57089863792931e-15,14
27,28.0,9.824619900357952e-16,14
28,29.0,1.0981503818340397e-16,14
29,30.0,1.1989654829316552e-17,14
30,31.0,1.2806175948845114e-18,14
31,32.0,1.3400022829277272e-19,14
32,33.0,1.3753536110366974e-20,14
33,34.0,1.3862648596606724e-21,14
34,35.0,1.3735921544434137e-22,14
35,36.0,1.339267288506842e-23,14
36,37.0,1.2860514578534445e-24,14
37,38.0,1.217262099761993e-25,14
38,39.0,1.1365016010931152e-26,14
39,40.0,1.047410685337696e-27,14
0,1.0,4.650376451390358e-11,15
1,2.0,3.5884697628553384e-06,15
2,3.0,0.0007865282171906606,15
3,4.0,0.01562721533359279,15
4,5.0,0.0833185453266477,15
5,6.0,0.19330261900705564,15
6,7.0,0.2525572626756493,15
7,8.0,0.21674852558739122,15
8,9.0,0.1349413357856408,15
9,10.0,0.06521798241417574,15
10,11.0,0.025681609510093913,15
11,12.0,0.008539148055980965,15
12,13.0,0.0024633088609730632,15
13,14.0,0.0006296334498799049,15
14,15.0,0.0001450029627792717,15
15,16.0,3.0495461307617003e-05,15
16,17.0,5.92170762466911e-06,15
17,18.0,1.071458082770591e-06,15
18,19.0,1.8202858286922409e-07,15
19,20.0,2.9224605999501255e-08,15
20,21.0,4.458610752396367e-09,15
21,22.0,6.494633804563906e-10,15
22,23.0,9.069873100104962e-11,15
23,24.0,1.2187036143338264e-11,15
24,25.0,1.580568226511241e-12,15
25,26.0,1.9840542806085063e-13,15
26,27.0,2.416513369108748e-14,15
27,28.0,2.8620261516634962e-15,15
28,29.0,3.3026285323536647e-16,15
29,30.0,3.719750463819245e-17,15
30,31.0,4.095685969400245e-18,15
31,32.0,4.414924315263982e-19,15
32,33.0,4.665207181702222e-20,15
33,34.0,4.8382258945043786e-21,15
34,35.0,4.929926339016435e-22,15
35,36.0,4.9404384261627005e-23,15
36,37.0,4.873685741031922e-24,15
37,38.0,4.73675605125458e-25,15
38,39.0,4.539124203256643e-26,15
39,40.0,4.29181724414609e-27,15
0,1.0,8.792676158558768e-12,16
1,2.0,1.2120226285472696e-06,16
2,3.0,0.00037255937304735696,16
3,4.0,0.00940193013603525,16
4,5.0,0.060305338959719484,16
5,6.0,0.16263665254041834,16
6,7.0,0.2412217616074613,16
7,8.0,0.23097054217846463,16
8,9.0,0.15832025305539169,16
9,10.0,0.08337041786818299,16
10,11.0,0.035468977743729486,16
11,12.0,0.012652935192024747,16
12,13.0,0.003893142477179509,16
13,14.0,0.0010561022861822738,16
14,15.0,0.00025701786364166064,16
15,16.0,5.690661239106332e-05,16
16,17.0,1.1595403148395396e-05,16
17,18.0,2.195125000520985e-06,16
18,19.0,3.89170257178919e-07,16
19,20.0,6.505061401231352e-08,16
20,21.0,1.0310758063160126e-08,16
21,22.0,1.5574163692775187e-09,16
22,23.0,2.251411002965416e-10,16
23,24.0,3.126539991974117e-11,16
24,25.0,4.184626573393716e-12,16
25,26.0,5.413643382649622e-13,16
26,27.0,6.786989109859474e-14,16
27,28.0,8.264412196111542e-15,16
28,29.0,9.7945003985178e-16,16
29,30.0,1.1318423448242912e-16,16
30,31.0,1.277445099501004e-17,16
31,32.0,1.4102691410222919e-18,16
32,33.0,1.5249510874980933e-19,16
33,34.0,1.6171181959920553e-20,16
34,35.0,1.683645139568173e-21,16
35,36.0,1.722787882500374e-22,16
36,37.0,1.7341954979483255e-23,16
37,38.0,1.7188138126791417e-24,16
38,39.0,1.678703922850369e-25,16
39,40.0,1.6168034798782378e-26,16
0,1.0,1.2219321073055106e-12,17
1,2.0,3.298098083523294e-07,17
2,3.0,0.00015007900945382781,17
3,4.0,0.005000193418287577,17
4,5.0,0.03976707413868996,17
5,6.0,0.12780561596165754,17
6,7.0,0.21979524497552078,17
7,8.0,0.23917926856392802,17
8,9.0,0.1834931336921483,17
9,10.0,0.10684817642486914,17
10,11.0,0.04977743285494781,17
11,12.0,0.019288575684571492,17
12,13.0,0.006403127572539085,17
13,14.0,0.0018632677220056823,17
14,15.0,0.00048400571164912654,17
15,16.0,0.00011389043389597233,17
16,17.0,2.4569443080791585e-05,17
17,18.0,4.907838666307338e-06,17
18,19.0,9.153499636025457e-07,17
19,20.0,1.605256070480336e-07,17
20,21.0,2.663005878962302e-08,17
21,22.0,4.200649520483915e-09,17
22,23.0,6.328830937807971e-10,17
23,24.0,9.143045021752789e-11,17
24,25.0,1.2708905210988827e-11,17
25,26.0,1.704863447745199e-12,17
26,27.0,2.213097944736587e-13,17
27,28.0,2.7866309210479983e-14,17
28,29.0,3.4107895504458875e-15,17
29,30.0,4.065944292755703e-16,17
30,31.0,4.728803041788084e-17,17
31,32.0,5.374089948240784e-18,17
32,33.0,5.976408809159837e-19,17
33,34.0,6.512080224947008e-20,17
34,35.0,6.960761664143154e-21,17
35,36.0,7.306702986256135e-22,17
36,37.0,7.539547058324678e-23,17
37,38.0,7.654645644701752e-24,17
38,39.0,7.652915909871146e-25,17
39,40.0,7.540306322308096e-26,17
0,1.0,1.4129404348354125e-13,18
1,2.0,7.87409739010629e-08,18
2,3.0,5.462205042477086e-05,18
3,4.0,0.0024502175286946867,18
4,5.0,0.024510637029992913,18
5,6.0,0.09490711927336122,18
6,7.0,0.1908902024232571,18
7,8.0,0.2377181638986236,18
8,9.0,0.2052673485301296,18
9,10.0,0.13278201520123123,18
10,11.0,0.0679945298857933,18
11,12.0,0.02870849199593378,18
12,13.0,0.010308125049612718,18
13,14.0,0.0032242013807974295,18
14,15.0,0.0008953940434188102,18
15,16.0,0.00022419597966433485,18
16,17.0,5.125311878159912e-05,18
17,18.0,1.0809665569906281e-05,18
18,19.0,2.1217317321745268e-06,18
19,20.0,3.904438379556986e-07,18
20,21.0,6.778771100677666e-08,18
21,22.0,1.116401021328056e-08,18
22,23.0,1.7522860686853263e-09,18
23,24.0,2.631985923678197e-10,18
24,25.0,3.796787210218393e-11,18
25,26.0,5.276911278859852e-12,18
26,27.0,7.085898577871238e-13,18
27,28.0,9.216143021667156e-14,18
28,29.0,1.1636318959550072e-14,18
29,30.0,1.4291182959444662e-15,18
30,31.0,1.7103890392248455e-16,18
31,32.0,1.9980609445839455e-17,18
32,33.0,2.281690653293996e-18,18
33,34.0,2.550516515977962e-19,18
34,35.0,2.794221016659117e-20,18
35,36.0,3.003634144621129e-21,18
36,37.0,3.171311590669051e-22,18
37,38.0,3.291942027536011e-23,18
38,39.0,3.3625611807195405e-24,18
39,40.0,3.382573265942903e-25,18
0,1.0,4.8598910992538224e-14,19
1,2.0,3.218538425609903e-08,19
2,3.0,2.5945567378143494e-05,19
3,4.0,0.00134016518396176,19
4,5.0,0.015359839397065618,19
5,6.0,0.0679250985291113,19
6,7.0,0.1556907870790826,19
7,8.0,0.220593599864301,19
8,9.0,0.21645603300350297,19
9,10.0,0.15896031820081521,19
10,11.0,0.09233866383734839,19
11,12.0,0.04419771303153834,19
12,13.0,0.017980985846147973,19
13,14.0,0.006369420288111381,19
14,15.0,0.002002456475479427,19
15,16.0,0.0005674105058503147,19
16,17.0,0.00014675006599164213,19
17,18.0,3.500593092833181e-05,19
18,19.0,7.769387632485224e-06,19
19,20.0,1.6163229226010423e-06,19
20,21.0,3.1718249617677126e-07,19
21,22.0,5.903240359632657e-08,19
22,23.0,1.0469293655304586e-08,19
23,24.0,1.776536564015037e-09,19
24,25.0,2.894851988729531e-10,19
25,26.0,4.544177884946714e-11,19
26,27.0,6.891057618799967e-12,19
27,28.0,1.0120668583846637e-12,19
28,29.0,1.4427847675773913e-13,19
29,30.0,2.0005059794319925e-14,19
30,31.0,2.7028053379568663e-15,19
31,32.0,3.564032151939026e-16,19
32,33.0,4.593774368564464e-17,19
33,34.0,5.7954880912995466e-18,19
34,35.0,7.165431999426622e-19,19
35,36.0,8.692021983816477e-20,19
36,37.0,1.0355683832360813e-20,19
37,38.0,1.2129236005532973e-21,19
38,39.0,1.397878616335065e-22,19
39,40.0,1.5865079789605794e-23,19
0,1.0,6.4198463599096875e-15,20
1,2.0,7.789620211231617e-09,20
2,3.0,9.043828982562962e-06,20
3,4.0,0.0006096536543549755,20
4,5.0,0.008639675739859605,20
5,6.0,0.045655645475558906,20
6,7.0,0.12213631501173516,20
7,8.0,0.1985183128401384,20
8,9.0,0.22053678612171054,20
9,10.0,0.1814638352970542,20
10,11.0,0.11711788534837414,20
11,12.0,0.061853229211811724,20
12,13.0,0.02760368041799222,20
13,14.0,0.010673035450033357,20
14,15.0,0.003646927556004661,20
15,16.0,0.0011189713398713707,20
16,17.0,0.00031234556107342465,20
17,18.0,8.01815924265298e-05,20
18,19.0,1.9101728946861198e-05,20
19,20.0,4.255582064044655e-06,20
20,21.0,8.924327499967428e-07,20
21,22.0,1.7716068662474017e-07,20
22,23.0,3.3454410491556157e-08,20
23,24.0,6.035062317395655e-09,20
24,25.0,1.0439368422599859e-09,20
25,26.0,1.7372471981973923e-10,20
26,27.0,2.789412362566875e-11,20
27,28.0,4.332692121950692e-12,20
28,29.0,6.52541615891281e-13,20
29,30.0,9.549315940855295e-14,20
30,31.0,1.3604073762905266e-14,20
31,32.0,1.889902229435628e-15,20
32,33.0,2.5642236160090496e-16,20
33,34.0,3.40275719429006e-17,20
34,35.0,4.422049311030175e-18,20
35,36.0,5.634372401193235e-19,20
36,37.0,7.046388386291647e-20,20
37,38.0,8.658024239770225e-21,20
38,39.0,1.0461661346659717e-21,20
39,40.0,1.244171753668206e-22,20
0,1.0,1.942902986632567e-15,21
1,2.0,2.862084688841558e-09,21
2,3.0,3.896961996701755e-06,21
3,4.0,0.0003037457398511807,21
4,5.0,0.004938617017771461,21
5,6.0,0.029795469720400345,21
6,7.0,0.09069355157888268,21
7,8.0,0.1673133566021464,21
8,9.0,0.21056521493200614,21
9,10.0,0.1959846762204249,21
10,11.0,0.142908000130602,21
11,12.0,0.08518504443061407,21
12,13.0,0.04287177787538482,21
13,14.0,0.018680387370322186,21
14,15.0,0.007188714049167837,21
15,16.0,0.002482769669524484,21
16,17.0,0.000779725417457168,21
17,18.0,0.00022510689513390128,21
18,19.0,6.028830084179544e-05,21
19,20.0,1.5094566197517199e-05,21
20,21.0,3.5563760109993934e-06,21
21,22.0,7.929602421077015e-07,21
22,23.0,1.68143953203739e-07,21
23,24.0,3.4052937099304525e-08,21
24,25.0,6.6115181142560585e-09,21
25,26.0,1.2346932290325096e-09,21
26,27.0,2.2243508668661244e-10,21
27,28.0,3.875875346803506e-11,21
28,29.0,6.5474907598857955e-12,21
29,30.0,1.0745620104531718e-12,21
30,31.0,1.7165744661494913e-13,21
31,32.0,2.673702338368894e-14,21
32,33.0,4.066854266209942e-15,21
33,34.0,6.049432941361944e-16,21
34,35.0,8.811362292435325e-17,21
35,36.0,1.2582244605791238e-17,21
36,37.0,1.7633231847457355e-18,21
37,38.0,2.427720695850679e-19,21
38,39.0,3.286691675669979e-20,21
39,40.0,4.379077826686834e-21,21
0,1.0,1.4671878327800422e-16,22
1,2.0,4.784428972875415e-10,22
2,3.0,1.0358624460193723e-06,22
3,4.0,0.00011212097654063951,22
4,5.0,0.00235043683751536,22
5,6.0,0.017445009636806223,22
6,7.0,0.06324191231565351,22
7,8.0,0.13569641123251247,22
8,9.0,0.19505986569640998,22
9,10.0,0.20442897001602017,22
10,11.0,0.16591902635063097,22
11,12.0,0.1090378888661052,22
12,13.0,0.06001771494758991,22
13,14.0,0.02840688280058703,22
14,15.0,0.011804942552890833,22
15,16.0,0.0043802541821928295,22
16,17.0,0.0014712956887984977,22
17,18.0,0.000452492345507051,22
18,19.0,0.00012863991202403916,22
19,20.0,3.4079885090991814e-05,22
20,21.0,8.471683987603873e-06,22
21,22.0,1.987761327038408e-06,22
22,23.0,4.4249852124798153e-07,22
23,24.0,9.387670674821491e-08,22
24,25.0,1.9055015032644665e-08,22
25,26.0,3.713404276519821e-09,22
26,27.0,6.969187275902534e-10,22
27,28.0,1.2630737846022675e-10,22
28,29.0,2.2160340252698824e-11,22
29,30.0,3.772084256934676e-12,22
30,31.0,6.241739829057132e-13,22
31,32.0,1.00584065444029e-13,22
32,33.0,1.5811019172685808e-14,22
33,34.0,2.427963757664563e-15,22
34,35.0,3.647242380041986e-16,22
35,36.0,5.366187452202167e-17,22
36,37.0,7.741769729497567e-18,22
37,38.0,1.0963335434949447e-18,22
38,39.0,1.5254310842719829e-19,22
39,40.0,2.087264345264126e-20,22
0,1.0,8.418769716586361e-18,23
1,2.0,6.680119433966599e-11,23
2,3.0,2.4154194214582094e-07,23
3,4.0,3.7427590056792556e-05,23
4,5.0,0.0010322827860233092,23
5,6.0,0.009555913949022906,23
6,7.0,0.04164384600119971,23
7,8.0,0.10455470473573159,23
8,9.0,0.17227594311751906,23
9,10.0,0.20362094128395125,23
10,11.0,0.1839454661989908,23
11,12.0,0.13309692605911314,23
12,13.0,0.07992971987679466,23
13,14.0,0.040956106763857206,23
14,15.0,0.018302858650875945,23
15,16.0,0.00726078294606189,23
16,17.0,0.0025941160602101078,23
17,18.0,0.0008447662408440553,23
18,19.0,0.0002532681454696466,23
19,20.0,7.050280469656692e-05,23
20,21.0,1.835520463461766e-05,23
21,22.0,4.497229812935748e-06,23
22,23.0,1.0425788032401828e-06,23
23,24.0,2.2977144630251628e-07,23
24,25.0,4.8339413157527134e-08,23
25,26.0,9.74335133679662e-09,23
26,27.0,1.8876487869911714e-09,23
27,28.0,3.5252569559903523e-10,23
28,29.0,6.362624586146628e-11,23
29,30.0,1.112405371059724e-11,23
30,31.0,1.8878935849122967e-12,23
31,32.0,3.1160157566499314e-13,23
32,33.0,5.010416207839364e-14,23
33,34.0,7.86099704381853e-15,23
34,35.0,1.205118731814494e-15,23
35,36.0,1.8075770558869344e-16,23
36,37.0,2.65581867671301e-17,23
37,38.0,3.826598350877987e-18,23
38,39.0,5.412291321336537e-19,23
39,40.0,7.521608825881697e-20,23
0,1.0,2.277886869423972e-18,24
1,2.0,2.2360256729718664e-11,24
2,3.0,9.517035734816041e-08,24
3,4.0,1.7008938034665324e-05,24
4,5.0,0.0005350768535826047,24
5,6.0,0.005609935814057781,24
6,7.0,0.02755435600020668,24
7,8.0,0.07769430214895677,24
8,9.0,0.1433819110698951,24
9,10.0,0.18940171833217503,24
10,11.0,0.19089210332095954,24
11,12.0,0.1538797320561663,24
12,13.0,0.10282842006113006,24
13,14.0,0.0585692379202223,24
14,15.0,0.02906912403092119,24
15,16.0,0.012797474037925317,24
16,17.0,0.005070656896021704,24
17,18.0,0.0018301438656685423,24
18,19.0,0.0006078145528305641,24
19,20.0,0.00018734001886533635,24
20,21.0,5.3979537753463516e-05,24
21,22.0,1.463155172589384e-05,24
22,23.0,3.7512355561772323e-06,24
23,24.0,9.139861697455711e-07,24
24,25.0,2.1251649327083586e-07,24
25,26.0,4.732897996514916e-08,24
26,27.0,1.0128762231899765e-08,24
27,28.0,2.0890042992424194e-09,24
28,29.0,4.1629618481224904e-10,24
29,30.0,8.034474643030315e-11,24
30,31.0,1.5049315649041928e-11,24
31,32.0,2.7409781632108576e-12,24
32,33.0,4.862650888400794e-13,24
33,34.0,8.415914652424112e-14,24
34,35.0,1.4230264518857038e-14,24
35,36.0,2.353846330758856e-15,24
36,37.0,3.813466378020373e-16,24
37,38.0,6.057867211716477e-17,24
38,39.0,9.445422876238577e-18,24
39,40.0,1.4468882633503063e-18,24
0,1.0,2.8262824952763527e-19,25
1,2.0,4.5539082783269565e-12,25
2,3.0,2.6508165364955082e-08,25
3,4.0,6.012811277927882e-06,25
4,5.0,0.00023044071281540617,25
5,6.0,0.002868121523056741,25
6,7.0,0.016427282702900586,25
7,8.0,0.053311393405882805,25
8,9.0,0.11210942047712225,25
9,10.0,0.16742729252869037,25
10,11.0,0.18956411600839604,25
11,12.0,0.17076119147409494,25
12,13.0,0.12695233873946118,25
13,14.0,0.08014601668278751,25
14,15.0,0.04394606364193466,25
15,16.0,0.021313797176991615,25
16,17.0,0.009280493947566042,25
17,18.0,0.003672886313686564,25
18,19.0,0.0013349258559936959,25
19,20.0,0.0004494860482848959,25
20,21.0,0.00014126183239325578,25
21,22.0,4.170332429541396e-05,25
22,23.0,1.1629725258326334e-05,25
23,24.0,3.078423071089483e-06,25
24,25.0,7.767766944212609e-07,25
25,26.0,1.8754453705130134e-07,25
26,27.0,4.3470991503035556e-08,25
27,28.0,9.702200342437177e-09,25
28,29.0,2.090592823712275e-09,25
29,30.0,4.359461629906542e-10,25
30,31.0,8.816459291512625e-11,25
31,32.0,1.732599925588944e-11,25
32,33.0,3.3144532840726233e-12,25
33,34.0,6.182058893263432e-13,25
34,35.0,1.1258988513651689e-13,25
35,36.0,2.0049064618673355e-14,25
36,37.0,3.4950459072795775e-15,25
37,38.0,5.971292675478018e-16,25
38,39.0,1.0009095017965298e-16,25
39,40.0,1.647600870574427e-17,25
0,1.0,8.720903459276646e-20,26
1,2.0,1.6204620615288182e-12,26
2,3.0,1.066344060301924e-08,26
3,4.0,2.7121809934606483e-06,26
4,5.0,0.00011603370754559119,26
5,6.0,0.0016076058068032798,26
6,7.0,0.010229589352906172,26
7,8.0,0.036830133390771944,26
8,9.0,0.08583074375548494,26
9,10.0,0.14192902010708738,26
10,11.0,0.17780469457238926,26
11,12.0,0.17712057482578372,26
12,13.0,0.14554720142386374,26
13,14.0,0.10151963753600929,26
14,15.0,0.06148077553332382,26
15,16.0,0.03292286049093019,26
16,17.0,0.015823683156410414,26
17,18.0,0.006910978746362517,26
18,19.0,0.0027713533557612606,26
19,20.0,0.001029367133091981,26
20,21.0,0.0003567984955088744,26
21,22.0,0.00011615682379171958,26
22,23.0,3.5715540381437635e-05,26
23,24.0,1.0422524609083958e-05,26
24,25.0,2.8989815058444023e-06,26
25,26.0,7.714542697709707e-07,26
26,27.0,1.970685569650895e-07,26
27,28.0,4.8468412779717856e-08,26
28,29.0,1.150775023084415e-08,26
29,30.0,2.643933259663757e-09,26
30,31.0,5.890810897013959e-10,26
31,32.0,1.2752963721770356e-10,26
32,33.0,2.6873691689448405e-11,26
33,34.0,5.521073800688572e-12,26
34,35.0,1.10748733487276e-12,26
35,36.0,2.171990608554716e-13,26
36,37.0,4.16982615963891e-14,26
37,38.0,7.845356813211996e-15,26
38,39.0,1.448096862238442e-15,26
39,40.0,2.6247836148663177e-16,26
0,1.0,8.866774173962365e-20,27
1,2.0,1.1552011837610918e-12,27
2,3.0,6.615218584541828e-09,27
3,4.0,1.5995683472896255e-06,27
4,5.0,6.828914685218347e-05,27
5,6.0,0.0009735148353480216,27
6,7.0,0.006510333819091379,27
7,8.0,0.02501810295647235,27
8,9.0,0.06297026853385033,27
9,10.0,0.11351583801216529,27
10,11.0,0.15620628076653298,27
11,12.0,0.17198895011440699,27
12,13.0,0.15703054847791015,27
13,14.0,0.12224030581983315,27
14,15.0,0.08293843349047786,27
15,16.0,0.04992507709806681,27
16,17.0,0.027052647886087525,27
17,18.0,0.013355283542826923,27
18,19.0,0.006067710538840222,27
19,20.0,0.0025587462893520156,27
20,21.0,0.0010088351229406818,27
21,22.0,0.0003742160902970119,27
22,23.0,0.0001313076303545238,27
23,24.0,4.379027869079572e-05,27
24,25.0,1.393762919973362e-05,27
25,26.0,4.24927178954567e-06,27
26,27.0,1.2449883184531422e-06,27
27,28.0,3.515588126045867e-07,27
28,29.0,9.592616456773792e-08,27
29,30.0,2.535085366037693e-08,27
30,31.0,6.50242220336894e-09,27
31,32.0,1.6218425974496825e-09,27
32,33.0,3.9404064221748627e-10,27
33,34.0,9.340130350483159e-11,27
34,35.0,2.1630475512498438e-11,27
35,36.0,4.90060240738715e-12,27
36,37.0,1.0874903741764796e-12,27
37,38.0,2.3663250948158554e-13,27
38,39.0,5.054049238934202e-14,27
39,40.0,1.0605471458333245e-14,27
0,1.0,1.248966996635738e-20,28
1,2.0,2.393927462589526e-13,28
2,3.0,1.7676880070255724e-09,28
3,4.0,5.221903463362204e-07,28
4,5.0,2.6442143230287374e-05,28
5,6.0,0.0004388148284963682,28
6,7.0,0.003372318817316329,28
7,8.0,0.01475238866723904,28
8,9.0,0.041965420435899646,28
9,10.0,0.0850135179041446,28
10,11.0,0.13085945440963037,28
11,12.0,0.16055744813382025,28
12,13.0,0.16283596024891395,28
13,14.0,0.1404221491076273,28
14,15.0,0.10529649778220958,28
15,16.0,0.06990804593459188,28
16,17.0,0.041705131976444564,28
17,18.0,0.022631546040801462,28
18,19.0,0.011286312909442785,28
19,20.0,0.005217572110923027,28
20,21.0,0.0022525643639588447,28
21,22.0,0.0009139941267134327,28
22,23.0,0.0003504799523723193,28
23,24.0,0.0001276223050007733,28
24,25.0,4.43167174630928e-05,28
25,26.0,1.4730051808137756e-05,28
26,27.0,4.701879252628016e-06,28
27,28.0,1.4455975309090484e-06,28
28,29.0,4.292157639148414e-07,28
29,30.0,1.2336260635623412e-07,28
30,31.0,3.439514937685904e-08,28
31,32.0,9.320830284003498e-09,28
32,33.0,2.45932717606164e-09,28
33,34.0,6.328120855181445e-10,28
34,35.0,1.5902381847576795e-10,28
35,36.0,3.908024840931691e-11,28
36,37.0,9.403539758617455e-12,28
37,38.0,2.2179564107372437e-12,28
38,39.0,5.133254934086177e-13,28
39,40.0,1.166882717359139e-13,28
0,1.0,1.1945568007498529e-21,29
1,2.0,4.046423237672678e-14,29
2,3.0,4.2167260538302865e-10,29
3,4.0,1.603281143265386e-07,29
4,5.0,9.935087516755907e-06,29
5,6.0,0.00019542838527485576,29
6,7.0,0.001741404357852704,29
7,8.0,0.008691521700021838,29
8,9.0,0.027863744578566964,29
9,10.0,0.06299871757826939,29
10,11.0,0.10738203117265506,29
11,12.0,0.1449511059242033,29
12,13.0,0.16085680802328414,29
13,14.0,0.1510801454230059,29
14,15.0,0.12289417572705714,29
15,16.0,0.08820180316261211,29
16,17.0,0.05670790347496002,29
17,18.0,0.03307463065081961,29
18,19.0,0.017685193071116198,29
19,20.0,0.008747039934724048,29
20,21.0,0.004032317696129633,29
21,22.0,0.0017439534668858682,29
22,23.0,0.0007116496797100453,29
23,24.0,0.0002753586279817534,29
24,25.0,0.00010146555437715793,29
25,26.0,3.574295711396538e-05,29
26,27.0,1.2077863194320692e-05,29
27,28.0,3.926741437991511e-06,29
28,29.0,1.2316673063588084e-06,29
29,30.0,3.7361997756290766e-07,29
30,31.0,1.0984872525110823e-07,29
31,32.0,3.1365349448475165e-08,29
32,33.0,8.71320137030153e-09,29
33,34.0,2.3587946597855976e-09,29
34,35.0,6.232145500438122e-10,29
35,36.0,1.6092200136751892e-10,29
36,37.0,4.066024997846046e-11,29
37,38.0,1.0064775803737075e-11,29
38,39.0,2.443324185463027e-12,29
39,40.0,5.82276532236059e-13,29
0,1.0,1.168947551013054e-22,30
1,2.0,6.644386074879223e-15,30
2,3.0,9.5338481089749e-11,30
3,4.0,4.6030773964962453e-08,30
4,5.0,3.4648815134818764e-06,30
5,6.0,8.04998795046923e-05,30
6,7.0,0.0008309747640305929,30
7,8.0,0.004737059752041434,30
8,9.0,0.017158359673925944,30
9,10.0,0.043459283044028185,30
10,11.0,0.08241315626585347,30
11,12.0,0.12306172082192025,30
12,13.0,0.15034775706186218,30
13,14.0,0.1548278817644119,30
14,15.0,0.13760374766914305,30
15,16.0,0.10757312474514795,30
16,17.0,0.07513266534365336,30
17,18.0,0.047490229939541634,30
18,19.0,0.027461248593117327,30
19,20.0,0.014660360385219038,30
20,21.0,0.007282224185591124,30
21,22.0,0.0033883808608645405,30
22,23.0,0.0014854366783259019,30
23,24.0,0.000616669175394326,30
24,25.0,0.00024351128510381555,30
25,26.0,9.182475836824652e-05,30
26,27.0,3.318075873587373e-05,30
27,28.0,1.1525123734570232e-05,30
28,29.0,3.858715407489221e-06,30
29,30.0,1.2484187152375504e-06,30
30,31.0,3.911777514664268e-07,30
31,32.0,1.1895080250930768e-07,30
32,33.0,3.516749449137136e-08,30
33,34.0,1.0125721353791527e-08,30
34,35.0,2.8437224772468874e-09,30
35,36.0,7.800726159702615e-10,30
36,37.0,2.0928070258468143e-10,30
37,38.0,5.497745397394061e-11,30
38,39.0,1.4157160969733313e-11,30
39,40.0,3.5771946643909356e-12,30
0,1.0,8.77465674541109e-24,31
1,2.0,9.042768911123368e-16,31
2,3.0,1.862457117183987e-11,31
3,4.0,1.173022029342198e-08,31
4,5.0,1.0930224883520047e-06,31
5,6.0,3.041056277110965e-05,31
6,7.0,0.0003674279640619242,31
7,8.0,0.0024108921504907097,31
8,9.0,0.009923758470050772,31
9,10.0,0.028277053378756502,31
10,11.0,0.059835021874422634,31
11,12.0,0.09902912709721874,31
12,13.0,0.13334009144044373,31
13,14.0,0.1506066469332046,31
14,15.0,0.1462018133184178,31
15,16.0,0.12438933778238692,31
16,17.0,0.09425078079036736,31
17,18.0,0.06444882411220308,31
18,19.0,0.040215695146451055,31
19,20.0,0.02311566561628246,31
20,21.0,0.01233756989696936,31
21,22.0,0.00615688646974552,31
22,23.0,0.0028899952117323498,31
23,24.0,0.0012826320324334246,31
24,25.0,0.0005407083679391447,31
25,26.0,0.00021738687475025655,31
26,27.0,8.36502731573882e-05,31
27,28.0,3.090652300257658e-05,31
28,29.0,1.0995646201147097e-05,31
29,30.0,3.776523648100004e-06,31
30,31.0,1.25507016340121e-06,31
31,32.0,4.044418093857458e-07,31
32,33.0,1.2661360956261795e-07,31
33,34.0,3.8573698808098345e-08,31
34,35.0,1.1454436151624672e-08,31
35,36.0,3.320127530658413e-09,31
36,37.0,9.406108079407663e-10,31
37,38.0,2.607767013761162e-10,31
38,39.0,7.083035893198533e-11,31
39,40.0,1.88674431659704e-11,31
0,1.0,4.107126128729354e-25,32
1,2.0,8.851178140868147e-17,32
2,3.0,2.828600836808498e-12,32
3,4.0,2.446323485020817e-09,32
4,5.0,2.9274087592415764e-07,32
5,6.0,1.002615074990308e-05,32
6,7.0,0.00014482581761842214,32
7,8.0,0.0011120548562801558,32
8,9.0,0.005269923822851572,32
9,10.0,0.01706653893955667,32
10,11.0,0.04061832887620652,32
11,12.0,0.0749628483303205,32
12,13.0,0.11174314661087976,32
13,14.0,0.13886973293614296,32
14,15.0,0.1475418030633143,32
15,16.0,0.13675322720307007,32
16,17.0,0.11242637368967595,32
17,18.0,0.08311233276478107,32
18,19.0,0.05588826709229519,32
19,20.0,0.03451885266358259,32
20,21.0,0.01974589185605326,32
21,22.0,0.010536168549786298,32
22,23.0,0.005276687048302061,32
23,24.0,0.0024937705933892945,32
24,25.0,0.0011174417208311652,32
25,26.0,0.0004767394354003764,32
26,27.0,0.0001943721995433143,32
27,28.0,7.598319359538184e-05,32
28,29.0,2.8563653202573944e-05,32
29,30.0,1.0353204466068451e-05,32
30,31.0,3.62693123789975e-06,32
31,32.0,1.2306854044857604e-06,32
32,33.0,4.052760223037949e-07,32
33,34.0,1.2975599445889568e-07,32
34,35.0,4.045624739092568e-08,32
35,36.0,1.2301964275091178e-08,32
36,37.0,3.653336863148739e-09,32
37,38.0,1.0609120808824331e-09,32
38,39.0,3.0161212852107275e-10,32
39,40.0,8.403590180309175e-11,32
0,1.0,7.871075522021346e-27,33
1,2.0,4.897655055091593e-18,33
2,3.0,2.884043105330146e-13,33
3,4.0,3.8241082409875635e-10,33
4,5.0,6.343498318716496e-08,33
5,6.0,2.8257360789655025e-06,33
6,7.0,5.080371132378119e-05,33
7,8.0,0.0004701623987043174,33
8,9.0,0.0026201182032137187,33
9,10.0,0.00978665803472289,33
10,11.0,0.026446566950787297,33
11,12.0,0.05470475136424005,33
12,13.0,0.09040799377135221,33
13,14.0,0.1234175039411366,33
14,15.0,0.14288921026152648,33
15,16.0,0.14332339266343583,33
16,17.0,0.12673285724244915,33
17,18.0,0.10022543233856517,33
18,19.0,0.07175112713776527,33
19,20.0,0.04697635704700571,33
20,21.0,0.02837380083826778,33
21,22.0,0.015929498107254397,33
22,23.0,0.008366755326964449,33
23,24.0,0.004134716189764674,33
24,25.0,0.001932099361630581,33
25,26.0,0.0008574629336936504,33
26,27.0,0.0003628226828470012,33
27,28.0,0.00014688354637974266,33
28,29.0,5.706887838431331e-05,33
29,30.0,2.133947321239408e-05,33
30,31.0,7.698707009659517e-06,33
31,32.0,2.6858960816308037e-06,33
32,33.0,9.08017710716372e-07,33
33,34.0,2.980226138085659e-07,33
34,35.0,9.512594992626674e-08,33
35,36.0,2.9575071195658097e-08,33
36,37.0,8.969239773633007e-09,33
37,38.0,2.656834215648862e-09,33
38,39.0,7.696323551826187e-10,33
39,40.0,2.1827446379628357e-10,33
0,1.0,2.0919850661681487e-28,34
1,2.0,3.3129817255925005e-19,34
2,3.0,3.355448976421618e-14,34
3,4.0,6.518061863762546e-11,34
4,5.0,1.4506964274710944e-08,34
5,6.0,8.201420027478055e-07,34
6,7.0,1.8009314572235292e-05,34
7,8.0,0.00019792282024343237,34
8,9.0,0.0012820312404078845,34
9,10.0,0.005472589987513149,34
10,11.0,0.01667104991492224,34
11,12.0,0.03843655023182472,34
12,13.0,0.07013411690591158,34
13,14.0,0.10485557082657362,34
14,15.0,0.1320323703307572,34
15,16.0,0.14316246676283054,34
16,17.0,0.13611845945263887,34
17,18.0,0.11520488315320593,34
18,19.0,0.08789377663043069,34
19,20.0,0.0610947889055393,34
20,21.0,0.039044239870709894,34
21,22.0,0.023121349913378813,34
22,23.0,0.012773686497954911,34
23,24.0,0.006622677601427792,34
24,25.0,0.0032390536511480114,34
25,26.0,0.0015012655616459451,34
26,27.0,0.0006620858494772566,34
27,28.0,0.00027884231233543547,34
28,29.0,0.00011251112295479807,34
29,30.0,4.362009068787161e-05,34
30,31.0,1.6291824682097155e-05,34
31,32.0,5.8758986241580276e-06,34
32,33.0,2.0508531271308785e-06,34
33,34.0,6.940665655068816e-07,34
34,35.0,2.2816582904796437e-07,34
35,36.0,7.297833724435038e-08,34
36,37.0,2.2744883783693337e-08,34
37,38.0,6.9170382839817515e-09,34
38,39.0,2.0552130551762817e-09,34
39,40.0,5.973174462738221e-10,34
0,1.0,5.123004130097098e-31,35
1,2.0,4.633373694443494e-21,35
2,3.0,1.2531437989924321e-15,35
3,4.0,4.761836286807584e-12,35
4,5.0,1.7481338143548394e-09,35
5,6.0,1.4634657054470135e-07,35
6,7.0,4.417306283525979e-06,35
7,8.0,6.31917829785357e-05,35
8,9.0,0.0005110873691836702,35
9,10.0,0.0026361209431449875,35
10,11.0,0.00944882091635882,35
11,12.0,0.02507712336951105,35
12,13.0,0.05171114362584077,35
13,14.0,0.08601163210759506,35
14,15.0,0.11887401941604797,35
15,16.0,0.13981854994172369,35
16,17.0,0.14272176238443368,35
17,18.0,0.1285002111702181,35
18,19.0,0.10344355707757542,35
19,20.0,0.07531448895664102,35
20,21.0,0.050082710186526075,35
21,22.0,0.030675759823113904,35
22,23.0,0.017433162883248362,35
23,24.0,0.009251239754464296,35
24,25.0,0.004609956020395803,35
25,26.0,0.002167758366886893,35
26,27.0,0.0009661476295894727,35
27,28.0,0.0004097211905961442,35
28,29.0,0.00016590561337997509,35
29,30.0,6.434616876720834e-05,35
30,31.0,2.3971795291218238e-05,35
31,32.0,8.600130646879487e-06,35
32,33.0,2.9781323747122296e-06,35
33,34.0,9.97550667944287e-07,35
34,35.0,3.238289654046767e-07,35
35,36.0,1.0205942425750898e-07,35
36,37.0,3.1278873784156104e-08,35
37,38.0,9.335922278703813e-09,35
38,39.0,2.717493774033379e-09,35
39,40.0,7.723903227415469e-10,35
0,1.0,4.710446220531055e-34,36
1,2.0,3.352570799471004e-23,36
2,3.0,2.8843688762045887e-17,36
3,4.0,2.4062352808115337e-13,36
4,5.0,1.5827146286644183e-10,36
5,6.0,2.0876378238772496e-08,36
6,7.0,9.085611579067274e-07,36
7,8.0,1.756251347023711e-05,36
8,9.0,0.00018264864190859658,36
9,10.0,0.0011649181733009973,36
10,11.0,0.005002346291549145,36
11,12.0,0.015495021559135345,36
12,13.0,0.03648279014046053,36
13,14.0,0.06800415025073656,36
14,15.0,0.10364423705638,36
15,16.0,0.13255989343443503,36
16,17.0,0.1453365547156538,36
17,18.0,0.13902283714187755,36
18,19.0,0.11774880992151525,36
19,20.0,0.0894147865966865,36
20,21.0,0.06152811422311685,36
21,22.0,0.03871969259012738,36
22,23.0,0.02246132840485475,36
23,24.0,0.012094684853082443,36
24,25.0,0.006082060927614707,36
25,26.0,0.0028716707243348315,36
26,27.0,0.0012791243943325223,36
27,28.0,0.0005397917440859386,36
28,29.0,0.000216631786048089,36
29,30.0,8.296218899488166e-05,36
30,31.0,3.0411252684372155e-05,36
31,32.0,1.070018813897266e-05,36
32,33.0,3.6228218867054974e-06,36
33,34.0,1.1830370673489833e-06,36
34,35.0,3.733843472849087e-07,36
35,36.0,1.1411792405737912e-07,36
36,37.0,3.383426107569538e-08,36
37,38.0,9.746943887776677e-09,36
38,39.0,2.732361584765464e-09,36
39,40.0,7.463894768277545e-10,36
0,1.0,7.692370883235207e-37,37
1,2.0,3.2599984898215218e-25,37
2,3.0,7.715440122455928e-19,37
3,4.0,1.2906564588766847e-14,37
4,5.0,1.4315313034434003e-11,37
5,6.0,2.8535799313878137e-09,37
6,7.0,1.7401431322735496e-07,37
7,8.0,4.459396335560456e-06,37
8,9.0,5.8939371663852254e-05,37
9,10.0,0.0004620642192064647,37
10,11.0,0.002374007941451367,37
11,12.0,0.008604539030612169,37
12,13.0,0.02326626233780963,37
13,14.0,0.04901834175385177,37
14,15.0,0.08328944196779288,37
15,16.0,0.11735072926708243,37
16,17.0,0.14025380699751427,37
17,18.0,0.1448942991372771,37
18,19.0,0.13144480158986577,37
19,20.0,0.10611681656246584,37
20,21.0,0.0771113633487317,37
21,22.0,0.05093310089621318,37
22,23.0,0.030840115045184507,37
23,24.0,0.017245732115299346,37
24,25.0,0.008964348041782847,37
25,26.0,0.004356289407721142,37
26,27.0,0.0019892218368123805,37
27,28.0,0.0008574025988268125,37
28,29.0,0.00035025227092053005,37
29,30.0,0.0001360981460412117,37
30,31.0,5.0468863444837654e-05,37
31,32.0,1.7913651719432862e-05,37
32,33.0,6.102449448516651e-06,37
33,34.0,2.0000878359212374e-06,37
34,35.0,6.321082311627601e-07,37
35,36.0,1.9302865533076255e-07,37
36,37.0,5.7063360412460545e-08,37
37,38.0,1.635874484941862e-08,37
38,39.0,4.555047922050126e-09,37
39,40.0,1.2337491119946368e-09,37
0,1.0,8.003125847369318e-40,38
1,2.0,2.1419216033938763e-27,38
2,3.0,1.4505010345001314e-20,38
3,4.0,5.02081131277269e-16,38
4,5.0,9.64802671889782e-13,38
5,6.0,2.9779319992862936e-10,38
6,7.0,2.602130769800296e-08,38
7,8.0,9.028114082175733e-07,38
8,9.0,1.546970588288181e-05,38
9,10.0,0.0001519455689547146,38
10,11.0,0.0009514054201190267,38
11,12.0,0.004107624380518905,38
12,13.0,0.01297899230893385,38
13,14.0,0.03143630320612526,38
14,15.0,0.06054916083875771,38
15,16.0,0.09552692395853861,38
16,17.0,0.1264733116705154,38
17,18.0,0.1433630447842585,38
18,19.0,0.14149355608346487,38
19,20.0,0.12333024756575338,38
20,21.0,0.09609579109247933,38
21,22.0,0.0676353262307059,38
22,23.0,0.04339154662546784,38
23,24.0,0.025575556662726744,38
24,25.0,0.013945683914530741,38
25,26.0,0.007077856471474101,38
26,27.0,0.003361730714534203,38
27,28.0,0.0015014768814950548,38
28,29.0,0.0006333497433915814,38
29,30.0,0.00025329214019813073,38
30,31.0,9.637652010810134e-05,38
31,32.0,3.499981773042508e-05,38
32,33.0,1.2166120222427454e-05,38
33,34.0,4.058497513250815e-06,38
34,35.0,1.302391857809989e-06,38
35,36.0,4.0293038053149546e-07,38
36,37.0,1.2042067429860442e-07,38
37,38.0,3.483019162327431e-08,38
38,39.0,9.766367777211261e-09,38
39,40.0,2.6589808511784128e-09,38
0,1.0,1.2373549742727951e-42,39
1,2.0,1.8908334661850665e-29,39
2,3.0,3.45204777961087e-22,39
3,4.0,2.369239656541781e-17,39
4,5.0,7.628449238880859e-14,39
5,6.0,3.546739177619055e-11,39
6,7.0,4.337569067761095e-09,39
7,8.0,1.995989206768417e-07,39
8,9.0,4.3535772229719685e-06,39
9,10.0,5.269655168068286e-05,39
10,11.0,0.0003960992591729302,39
11,12.0,0.002008962960865658,39
12,13.0,0.007322685681007964,39
13,14.0,0.0201458604780529,39
14,15.0,0.04349032763814277,39
15,16.0,0.07601413334402604,39
16,17.0,0.11036147998474463,39
17,18.0,0.13594998164642985,39
18,19.0,0.14464385754557416,39
19,20.0,0.1349310311366855,39
20,21.0,0.11178661012033475,39
21,22.0,0.08316305091095419,39
22,23.0,0.056090627621098246,39
23,24.0,0.03458557928410643,39
24,25.0,0.01963930302974445,39
25,26.0,0.010336898657061116,39
26,27.0,0.005071969114615078,39
27,28.0,0.0023318597631447704,39
28,29.0,0.0010091403481808114,39
29,30.0,0.0004127680059797938,39
30,31.0,0.00016016678346442536,39
31,32.0,5.9156767850008024e-05,39
32,33.0,2.0860338081614855e-05,39
33,34.0,7.042459304870781e-06,39
34,35.0,2.281971115448153e-06,39
35,36.0,7.113489988760598e-07,39
36,37.0,2.1377826158006806e-07,39
37,38.0,6.205836195534384e-08,39
38,39.0,1.743310195433963e-08,39
39,40.0,4.746886993987463e-09,39
0,1.0,4.1486894799860154e-46,40
1,2.0,5.49934608460418e-32,40
2,3.0,3.426733664705991e-24,40
3,4.0,5.47903207075659e-19,40
4,5.0,3.3338297435246645e-15,40
5,6.0,2.566054119646729e-12,40
6,7.0,4.741807848049367e-10,40
7,8.0,3.083769953168067e-08,40
8,9.0,9.032759566153728e-07,40
9,10.0,1.41030880218326e-05,40
10,11.0,0.00013235539094693446,40
11,12.0,0.0008158856237706989,40
12,13.0,0.0035337405368210443,40
13,14.0,0.011331831020415255,40
14,15.0,0.0280449192712749,40
15,16.0,0.05538992545875672,40
16,17.0,0.089725846611308,40
17,18.0,0.12194441876055902,40
18,19.0,0.14171397429658486,40
19,20.0,0.1431028765344256,40
20,21.0,0.12729912147941078,40
21,22.0,0.10094119733236029,40
22,23.0,0.07208059712664297,40
23,24.0,0.04676799665951562,40
24,25.0,0.027788084841587565,40
25,26.0,0.015224632361028771,40
26,27.0,0.007738781483052745,40
27,28.0,0.0036694832955047147,40
28,29.0,0.0016310351565695378,40
29,30.0,0.0006825770608999977,40
30,31.0,0.0002700141730376274,40
31,32.0,0.00010132601084612727,40
32,33.0,3.618798876125872e-05,40
33,34.0,1.2336739623030324e-05,40
34,35.0,4.025320884939394e-06,40
35,36.0,1.2601940692402442e-06,40
36,37.0,3.793985329354312e-07,40
37,38.0,1.1007301204289036e-07,40
38,39.0,3.083387789114412e-08,40
39,40.0,8.354283447834266e-09,40
0,1.0,2.458116957718683e-50,41
1,2.0,4.838208486208772e-35,41
2,3.0,1.3843556568702658e-26,41
3,4.0,6.2861977221067516e-21,41
4,5.0,8.348360195273395e-17,41
5,6.0,1.1873330581903232e-13,41
6,7.0,3.61400848571386e-11,41
7,8.0,3.559052046330558e-09,41
8,9.0,1.4803980509434462e-07,41
9,10.0,3.120102797164822e-06,41
10,11.0,3.793907265025855e-05,41
11,12.0,0.00029292855275431397,41
12,13.0,0.0015445714326118576,41
13,14.0,0.005885721876620477,41
14,15.0,0.016951873066207837,41
15,16.0,0.03826188210813288,41
16,17.0,0.06970932615112604,41
17,18.0,0.10505867444401713,41
18,19.0,0.13369114741333152,41
19,20.0,0.14616511651435585,41
20,21.0,0.1393449933321946,41
21,22.0,0.11732294810823748,41
22,23.0,0.0882098548557738,41
23,24.0,0.059796998368880055,41
24,25.0,0.03685891670324004,41
25,26.0,0.020813594946506697,41
26,27.0,0.010838430420810003,41
27,28.0,0.00523552525070906,41
28,29.0,0.002358407934920695,41
29,30.0,0.0009954045834583776,41
30,31.0,0.0003953276521035163,41
31,32.0,0.0001483097475547559,41
32,33.0,5.2742448630506304e-05,41
33,34.0,1.783674785638818e-05,41
34,35.0,5.753100125862268e-06,41
35,36.0,1.7745086772864445e-06,41
36,37.0,5.246963321787852e-07,41
37,38.0,1.490631461188013e-07,41
38,39.0,4.077249270132909e-08,41
39,40.0,1.0758031006294874e-08,41
0,1.0,9.811162551746382e-52,42
1,2.0,3.591749761299875e-36,42
2,3.0,1.4979892638993712e-27,42
3,4.0,8.973164797477547e-22,42
4,5.0,1.4883527058117934e-17,42
5,6.0,2.5538903378537537e-14,42
6,7.0,9.157507091690193e-12,42
7,8.0,1.0439823589779358e-09,42
8,9.0,4.960355675888621e-08,42
9,10.0,1.1817003100555704e-06,42
10,11.0,1.610389280464227e-05,42
11,12.0,0.00013837502269662354,42
12,13.0,0.0008072191164473518,42
13,14.0,0.003385997987694493,42
14,15.0,0.010688724083725922,42
15,16.0,0.026342474240965627,42
16,17.0,0.05223034626043186,42
17,18.0,0.0854142228986126,42
18,19.0,0.11763313125404333,42
19,20.0,0.1388604912383973,42
20,21.0,0.1426307469207916,42
21,22.0,0.12913863475817766,42
22,23.0,0.10422710401487686,42
23,24.0,0.07572460154802232,42
24,25.0,0.04995222096391097,42
25,26.0,0.03014565342408687,42
26,27.0,0.016755778039755517,42
27,28.0,0.008629267485684738,42
28,29.0,0.004139790788243749,42
29,30.0,0.0018589472827686892,42
30,31.0,0.0007847358572784678,42
31,32.0,0.00031264518422493306,42
32,33.0,0.00011797732351500428,42
33,34.0,4.230308660059869e-05,42
34,35.0,1.4456327564581171e-05,42
35,36.0,4.720992574360032e-06,42
36,37.0,1.4769925616565137e-06,42
37,38.0,4.4369726616867657e-07,42
38,39.0,1.282552035691639e-07,42
39,40.0,3.574289822312672e-08,42
0,1.0,2.8249687992164796e-54,43
1,2.0,4.310562700041182e-38,43
2,3.0,4.096818396151896e-29,43
3,4.0,4.367506500214818e-23,43
4,5.0,1.1259426868644286e-18,43
5,6.0,2.756294311655698e-15,43
6,7.0,1.3290323132473308e-12,43
7,8.0,1.9511547623897953e-10,43
8,9.0,1.1550396690321393e-08,43
9,10.0,3.340055821627307e-07,43
10,11.0,5.4097671952383415e-06,43
11,12.0,5.429280901891132e-05,43
12,13.0,0.000364553227039681,43
13,14.0,0.001738327280072732,43
14,15.0,0.006171398650032098,43
15,16.0,0.01694599235708329,43
16,17.0,0.037129448874495034,43
17,18.0,0.06661184615555986,43
18,19.0,0.0999905517202284,43
19,20.0,0.12790501644495175,43
20,21.0,0.1416184988546382,43
21,22.0,0.1375598555680967,43
22,23.0,0.11859316286454336,43
23,24.0,0.09167158270046472,43
24,25.0,0.06410433982220087,43
25,26.0,0.04087263594080916,43
26,27.0,0.023927563421524686,43
27,28.0,0.012941437763455469,43
28,29.0,0.006502769049962431,43
29,30.0,0.003050800900931236,43
30,31.0,0.001342405723799233,43
31,32.0,0.0005562583630218582,43
32,33.0,0.000217869923875761,43
33,34.0,8.092958856540766e-05,43
34,35.0,2.859834802936677e-05,43
35,36.0,9.640944491408944e-06,43
36,37.0,3.1085959420082027e-06,43
37,38.0,9.609623202918197e-07,43
38,39.0,2.854281366114423e-07,43
39,40.0,8.162331984182417e-08,43
0,1.0,7.108794709872138e-59,44
1,2.0,1.8196647535179977e-41,44
2,3.0,8.572229175648948e-32,44
3,4.0,2.7497162767788075e-25,44
4,5.0,1.6225318998870096e-20,44
5,6.0,7.64700485496805e-17,44
6,7.0,6.300006382158836e-14,44
7,8.0,1.4480600373915186e-11,44
8,9.0,1.2554399330543494e-09,44
9,10.0,5.044208377774843e-08,44
10,11.0,1.0878280464781705e-06,44
11,12.0,1.403434770822917e-05,44
12,13.0,0.0001176124010496674,44
13,14.0,0.0006825633211058013,44
14,15.0,0.0028860229090882502,44
15,16.0,0.00926167670285979,44
16,17.0,0.023326196511216354,44
17,18.0,0.04740237246801011,44
18,19.0,0.07955021229108263,44
19,20.0,0.1124341523850846,44
20,21.0,0.13609804424909078,44
21,22.0,0.14314183289089294,44
22,23.0,0.13245574885894043,44
23,24.0,0.10901836029785436,44
24,25.0,0.08057642125182017,44
25,26.0,0.053933874575669706,44
26,27.0,0.032939059774883025,44
27,28.0,0.018477897036857992,44
28,29.0,0.009578037494228656,44
29,30.0,0.004612224742730396,44
30,31.0,0.0020732545188074506,44
31,32.0,0.0008737785824160434,44
32,33.0,0.00034664095795125375,44
33,34.0,0.00012991425270730277,44
34,35.0,4.614922897557002e-05,44
35,36.0,1.5585259548199838e-05,44
36,37.0,5.017749565453418e-06,44
37,38.0,1.5440323485515559e-06,44
38,39.0,4.551736423759826e-07,44
39,40.0,1.2882922473187317e-07,44
0,1.0,4.4475054949845325e-65,45
1,2.0,5.557583373637923e-46,45
2,3.0,2.3576909156050112e-35,45
3,4.0,3.409052035042127e-28,45
4,5.0,6.205964862410312e-23,45
5,6.0,7.099253171647541e-19,45
6,7.0,1.2030513382723665e-15,45
7,8.0,5.038921291180699e-13,45
8,9.0,7.257212641439051e-11,45
9,10.0,4.50289071823703e-09,45
10,11.0,1.413636571356566e-07,45
11,12.0,2.5285579381029318e-06,45
12,13.0,2.82003866697751e-05,45
13,14.0,0.00021034033248343498,45
14,15.0,0.00110918730960367,45
15,16.0,0.004324681421060668,45
16,17.0,0.012932448562821003,45
17,18.0,0.03057486475621245,45
18,19.0,0.0586199817863133,45
19,20.0,0.09312456427782066,45
20,21.0,0.12485109102266345,45
21,22.0,0.14351218246583317,45
22,23.0,0.14338284835016055,45
23,24.0,0.12600914264582844,45
24,25.0,0.0984356780778866,45
25,26.0,0.06898622188942084,45
26,27.0,0.04373112311631866,45
27,28.0,0.025258526068037634,45
28,29.0,0.013379849800562848,45
29,30.0,0.006538354905263786,45
30,31.0,0.00296317421645159,45
31,32.0,0.0012513991897149142,45
32,33.0,0.0004946194113871026,45
33,34.0,0.00018369640580094768,45
34,35.0,6.43357826444153e-05,45
35,36.0,2.1318792095837036e-05,45
36,37.0,6.70422060362523e-06,45
37,38.0,2.0064201430003654e-06,45
38,39.0,5.729293211344073e-07,45
39,40.0,1.5646550426130185e-07,45
0,1.0,7.870198702532519e-72,46
1,2.0,6.511415250243278e-51,46
2,3.0,2.9616563444867597e-39,46
3,4.0,2.1788452605515753e-31,46
4,5.0,1.341436654854206e-25,46
5,6.0,4.008177635268049e-21,46
6,7.0,1.4844562749655318e-17,46
7,8.0,1.1926142264356153e-14,46
8,9.0,2.982145530913255e-12,46
9,10.0,2.9696486376802163e-10,46
10,11.0,1.4040542563084684e-08,46
11,12.0,3.5887496202636595e-07,46
12,13.0,5.472639511665965e-06,46
13,14.0,5.375574805467088e-05,46
14,15.0,0.000361417803617773,46
15,16.0,0.0017467018748061032,46
16,17.0,0.006316093191330248,46
17,18.0,0.017664808556224248,46
18,19.0,0.039288992797321336,46
19,20.0,0.0711453417674608,46
20,21.0,0.1070168062922252,46
21,22.0,0.1360462557243788,46
22,23.0,0.14837093975730917,46
23,24.0,0.14063945137430203,46
24,25.0,0.11720211647073463,46
25,26.0,0.08674054499442718,46
26,27.0,0.057525263026525886,46
27,28.0,0.03445970184271934,46
28,29.0,0.01877943166691554,46
29,30.0,0.009370385296257059,46
30,31.0,0.0043057462706228514,46
31,32.0,0.0018315888611789893,46
32,33.0,0.0007247010210975405,46
33,34.0,0.00026786689116813767,46
34,35.0,9.285880736684631e-05,46
35,36.0,3.02998685244367e-05,46
36,37.0,9.337112573326936e-06,46
37,38.0,2.725611828229624e-06,46
38,39.0,7.55817647153671e-07,46
39,40.0,1.9961854261995897e-07,46
0,1.0,1.2745269113106077e-81,47
1,2.0,4.974466526993717e-58,47
2,3.0,7.307911070091211e-45,47
3,4.0,5.792866938134991e-36,47
4,5.0,2.1057059271355187e-29,47
5,6.0,2.539158614293463e-24,47
6,7.0,2.9187138905386764e-20,47
7,8.0,6.005368575683885e-17,47
8,9.0,3.3207459069474634e-14,47
9,10.0,6.513184353231167e-12,47
10,11.0,5.522942325972275e-10,47
11,12.0,2.3433384539131325e-08,47
12,13.0,5.558852805887658e-07,47
13,14.0,8.036857175525007e-06,47
14,15.0,7.58295118400638e-05,47
15,16.0,0.0004933827140765091,47
16,17.0,0.0023158309861351905,47
17,18.0,0.008140094480485556,47
18,19.0,0.02210755006359707,47
19,20.0,0.04763615587096854,47
20,21.0,0.08329716373393237,47
21,22.0,0.12052118188926542,47
22,23.0,0.14674118704260142,47
23,24.0,0.15257291024832736,47
24,25.0,0.13722682736067293,47
25,26.0,0.1079884039555073,47
26,27.0,0.07510562825924787,47
27,28.0,0.04658303018557094,47
28,29.0,0.025973742332206156,47
29,30.0,0.013113821936904885,47
30,31.0,0.006034479334428163,47
31,32.0,0.002545801212498473,47
32,33.0,0.0009899322975072977,47
33,34.0,0.0003565307206086454,47
34,35.0,0.00011946181942287862,47
35,36.0,3.73911720997534e-05,47
36,37.0,1.0973334657167036e-05,47
37,38.0,3.0299104135550738e-06,47
38,39.0,7.896203065038847e-07,47
39,40.0,1.9479392806300826e-07,47
0,1.0,2.267017632676169e-87,48
1,2.0,2.8974413059713004e-62,48
2,3.0,3.07970439313998e-48,48
3,4.0,9.519053185263696e-39,48
4,5.0,9.615668860796794e-32,48
5,6.0,2.600803229994389e-26,48
6,7.0,5.784090933707859e-22,48
7,8.0,2.066386585082289e-18,48
8,9.0,1.826587980227712e-15,48
9,10.0,5.365580023697958e-13,48
10,11.0,6.464045568859553e-11,48
11,12.0,3.7304741117330374e-09,48
12,13.0,1.1604477392541629e-07,48
13,14.0,2.132607851388841e-06,48
14,15.0,2.4899377538585528e-05,48
15,16.0,0.0001958424450581682,48
16,17.0,0.0010886328969186457,48
17,18.0,0.004449950719044631,48
18,19.0,0.013828394822518415,48
19,20.0,0.03360087906166485,48
20,21.0,0.06539153495654063,48
21,22.0,0.10405374835620378,48
22,23.0,0.13782729409644895,48
23,24.0,0.1543606887638603,48
24,25.0,0.14818826506599142,48
25,26.0,0.12342911673312085,48
26,27.0,0.09015803624804898,48
27,28.0,0.05830722803405931,48
28,29.0,0.03367307339601931,48
29,30.0,0.017499242070018777,48
30,31.0,0.008240195609910664,48
31,32.0,0.0035379926657742823,48
32,33.0,0.0013929825820596128,48
33,34.0,0.0005055346368277655,48
34,35.0,0.00016991209059711093,48
35,36.0,5.3118282133195755e-05,48
36,37.0,1.5507220047529896e-05,48
37,38.0,4.243067569857481e-06,48
38,39.0,1.0918030214948846e-06,48
39,40.0,2.650197095154075e-07,48
0,1.0,4.979167340367693e-92,49
1,2.0,9.45218971692635e-66,49
2,3.0,4.688939218910451e-51,49
3,4.0,4.2107876967007234e-41,49
4,5.0,9.531521502529863e-34,49
5,6.0,4.901858003996074e-28,49
6,7.0,1.8506570621742948e-23,49
7,8.0,1.0330103589734262e-19,49
8,9.0,1.3391009424504581e-16,49
9,10.0,5.4873008429652194e-14,49
10,11.0,8.856281011383567e-12,49
11,12.0,6.622355239907568e-10,49
12,13.0,2.5953544897472464e-08,49
13,14.0,5.867227172190902e-07,49
14,15.0,8.255089310272248e-06,49
15,16.0,7.685406434148714e-05,49
16,17.0,0.0004977692540537336,49
17,18.0,0.0023379256008699417,49
18,19.0,0.008244679889266237,49
19,20.0,0.022481813979517953,49
20,21.0,0.04860784023762368,49
21,22.0,0.08514892611950135,49
22,23.0,0.12313421367120164,49
23,24.0,0.1494154366699965,49
24,25.0,0.15433025307351989,49
25,26.0,0.13741523582473694,49
26,27.0,0.10666317900378097,49
27,28.0,0.07289979624397847,49
28,29.0,0.044263927393327976,49
29,30.0,0.024069684331716957,49
30,31.0,0.011806732664395756,49
31,32.0,0.005258606404510623,49
32,33.0,0.0021393085537553063,49
33,34.0,0.000799258202813101,49
34,35.0,0.0002755855541344457,49
35,36.0,8.809371578129091e-05,49
36,37.0,2.621528490727877e-05,49
37,38.0,7.290263879733826e-06,49
38,39.0,1.9012514395871266e-06,49
39,40.0,4.6650468337408124e-07,49
0,1.0,5.198955119266639e-96,50
1,2.0,8.281609439977454e-69,50
2,3.0,1.4040235843190883e-53,50
3,4.0,2.9830691046939774e-43,50
4,5.0,1.3060091120145387e-35,50
5,6.0,1.1435966214162362e-29,50
6,7.0,6.732334672305442e-25,50
7,8.0,5.494291113154886e-21,50
8,9.0,9.913620844251227e-18,50
9,10.0,5.4393180184948255e-15,50
10,11.0,1.1391350206574204e-12,50
11,12.0,1.0770131345636417e-10,50
12,13.0,5.222040044010338e-09,50
13,14.0,1.433717958007172e-07,50
14,15.0,2.4110358952940383e-06,50
15,16.0,2.6458156826755392e-05,50
16,17.0,0.00019953739442541083,50
17,18.0,0.0010795185672237105,50
18,19.0,0.004342948498940392,50
19,20.0,0.013393440559446282,50
20,21.0,0.03249546332091878,50
21,22.0,0.06342679968159678,50
22,23.0,0.10154182555660407,50
23,24.0,0.13560274675970752,50
24,25.0,0.15331145830564324,50
25,26.0,0.1486748731225209,50
26,27.0,0.1251091024828703,50
27,28.0,0.09230197538326156,50
28,29.0,0.0602579271350362,50
29,30.0,0.035099492617971906,50
30,31.0,0.018378871316287206,50
31,32.0,0.008709769074494108,50
32,33.0,0.003758645567368669,50
33,34.0,0.0014853241518591224,50
34,35.0,0.0005402480889467919,50
35,36.0,0.00018170921584813437,50
36,37.0,5.675905012290818e-05,50
37,38.0,1.653032563482954e-05,50
38,39.0,4.505011831740495e-06,50
39,40.0,1.152759675424033e-06,50
0,1.0,2.218426515996624e-102,51
1,2.0,1.3307603707637968e-73,51
2,3.0,1.7960415454648897e-57,51
3,4.0,1.6078455346163644e-46,51
4,5.0,2.092953231570424e-38,51
5,6.0,4.370694943166416e-32,51
6,7.0,5.270102325790357e-27,51
7,8.0,7.880759853033709e-23,51
8,9.0,2.393019953828377e-19,51
9,10.0,2.0662028027472095e-16,51
10,11.0,6.449710047825724e-14,51
11,12.0,8.690676230848401e-12,51
12,13.0,5.783515764162072e-10,51
13,14.0,2.1106283897730117e-08,51
14,15.0,4.589317201551951e-07,51
15,16.0,6.356974569905014e-06,51
16,17.0,5.924881978144894e-05,51
17,18.0,0.00038879292476583325,51
18,19.0,0.001865751668939123,51
19,20.0,0.006761368906895158,51
20,21.0,0.019018059881715902,51
21,22.0,0.04251004155055801,51
22,23.0,0.07707026464890647,51
23,24.0,0.11537044341724306,51
24,25.0,0.14484664581570408,51
25,26.0,0.15464025866860598,51
26,27.0,0.1421189837849854,51
27,28.0,0.11366639124179007,51
28,29.0,0.07989119392632092,51
29,30.0,0.04978035909998314,51
30,31.0,0.027716627287354346,51
31,32.0,0.013888331556960365,51
32,33.0,0.006303831196880543,51
33,34.0,0.0026071676469173665,51
34,35.0,0.0009878367704070593,51
35,36.0,0.0003445857075569826,51
36,37.0,0.00011116623723300798,51
37,38.0,3.330599392947613e-05,51
38,39.0,9.302826439333521e-06,51
39,40.0,2.4310441413840926e-06,51
0,1.0,9.280604608186658e-101,52
1,2.0,1.166433857604082e-72,52
2,3.0,6.786811974351265e-57,52
3,4.0,3.5194849958427816e-46,52
4,5.0,3.1201739509154623e-38,52
5,6.0,4.9160916656614557e-32,52
6,7.0,4.799810434095615e-27,52
7,8.0,6.120239630318392e-23,52
8,9.0,1.6485266798151634e-19,52
9,10.0,1.3025765918726602e-16,52
10,11.0,3.815914108479412e-14,52
11,12.0,4.9269662649749484e-12,52
12,13.0,3.1972473957506675e-10,52
13,14.0,1.15483212332981e-08,52
14,15.0,2.5173846818327877e-07,52
15,16.0,3.5350727116335417e-06,52
16,17.0,3.3731619803287964e-05,52
17,18.0,0.00022859201633893084,52
18,19.0,0.0011416917542957914,52
19,20.0,0.0043361420548423835,52
20,21.0,0.01286279889292183,52
21,22.0,0.0304953749001214,52
22,23.0,0.058946135510505794,52
23,24.0,0.09452574929958786,52
24,25.0,0.12768615400516847,52
25,26.0,0.1472590302657077,52
26,27.0,0.14673982268320676,52
27,28.0,0.12769082818626368,52
28,29.0,0.09795994345489199,52
29,30.0,0.06682294117761534,52
30,31.0,0.04084480728244435,52
31,32.0,0.0225273188858779,52
32,33.0,0.011282133026890037,52
33,34.0,0.005160401659856922,52
34,35.0,0.002167056906562413,52
35,36.0,0.0008395421824101062,52
36,37.0,0.00030138324390405045,52
37,38.0,0.00010066198307088558,52
38,39.0,3.1398542105487595e-05,52
39,40.0,9.178152572557545e-06,52
0,1.0,1.6015454818755038e-103,53
1,2.0,7.498309337516032e-75,53
2,3.0,9.437583348113206e-59,53
3,4.0,8.47466773461353e-48,53
4,5.0,1.1516377507671017e-39,53
5,6.0,2.5748704166587142e-33,53
6,7.0,3.382541103817299e-28,53
7,8.0,5.5815202898086505e-24,53
8,9.0,1.8885275544466825e-20,53
9,10.0,1.8309689146438313e-17,53
10,11.0,6.457734139307306e-15,53
11,12.0,9.882247044603098e-13,53
12,13.0,7.501169597707091e-11,53
13,14.0,3.133853296895287e-09,53
14,15.0,7.825631981836301e-08,53
15,16.0,1.2483125531751585e-06,53
16,17.0,1.3430924506226586e-05,53
17,18.0,0.00010195990128208582,53
18,19.0,0.0005671271882096686,53
19,20.0,0.002386284949871064,53
20,21.0,0.0078052642806189215,53
21,22.0,0.020316867254301443,53
22,23.0,0.042948865622987685,53
23,24.0,0.07505291052036414,53
24,25.0,0.11011754412127833,53
25,26.0,0.13752323106102818,53
26,27.0,0.14798198809589705,53
27,28.0,0.1386950608442534,53
28,29.0,0.1143254694965899,53
29,30.0,0.08360591496146676,53
30,31.0,0.054670497182943166,53
31,32.0,0.03219409135287656,53
32,33.0,0.01718330486586816,53
33,34.0,0.008361688655568468,53
34,35.0,0.0037296296719460074,53
35,36.0,0.001532331542829314,53
36,37.0,0.0005825199269345242,53
37,38.0,0.00020574962566343434,53
38,39.0,6.777921284145812e-05,53
39,40.0,2.089854922510864e-05,53
0,1.0,3.795164410947244e-104,54
1,2.0,1.840058626612332e-75,54
2,3.0,2.421970144516979e-59,54
3,4.0,2.283576559061311e-48,54
4,5.0,3.2655022759096536e-40,54
5,6.0,7.693705379138031e-34,54
6,7.0,1.0660725243960842e-28,54
7,8.0,1.8568002794800152e-24,54
8,9.0,6.634961039307145e-21,54
9,10.0,6.796455185148047e-18,54
10,11.0,2.533477213432211e-15,54
11,12.0,4.098744704732189e-13,54
12,13.0,3.289922936121429e-11,54
13,14.0,1.4537338997524336e-09,54
14,15.0,3.8401747140633017e-08,54
15,16.0,6.481062513346129e-07,54
16,17.0,7.378669932040567e-06,54
17,18.0,5.927918784681901e-05,54
18,19.0,0.00034897938500713806,54
19,20.0,0.0015542797034500335,54
20,21.0,0.005381695786532084,54
21,22.0,0.014830185080581808,54
22,23.0,0.033191774224350955,54
23,24.0,0.06141342061015711,54
24,25.0,0.09541024068993449,54
25,26.0,0.12617723150404064,54
26,27.0,0.14378122260968482,54
27,28.0,0.14271283624970532,54
28,29.0,0.12458698456967496,54
29,30.0,0.09649658707697127,54
30,31.0,0.06683280883702652,54
31,32.0,0.04168598140544729,54
32,33.0,0.023567428538290146,54
33,34.0,0.012147999178831352,54
34,35.0,0.005739770839495275,54
35,36.0,0.0024981111945408994,54
36,37.0,0.0010060311536652692,54
37,38.0,0.0003764368614617926,54
38,39.0,0.00013137487704719842,54
39,40.0,4.291453360427159e-05,54
0,1.0,1.8857971016325153e-112,55
1,2.0,1.162484485104904e-81,55
2,3.0,2.4101814537383953e-64,55
3,4.0,1.5222687379164345e-52,55
4,5.0,9.127505321885779e-44,55
5,6.0,6.704491819737011e-37,55
6,7.0,2.360651560311363e-31,55
7,8.0,8.995377948450338e-27,55
8,9.0,6.272668893147252e-23,55
9,10.0,1.1457560082888187e-19,55
10,11.0,7.080061471995709e-17,55
11,12.0,1.7877956469221213e-14,55
12,13.0,2.1292655193275388e-12,55
13,14.0,1.337198437907705e-10,55
14,15.0,4.837294909187054e-09,55
15,16.0,1.08241885583284e-07,55
16,17.0,1.5881282064120658e-06,55
17,18.0,1.603394018724128e-05,55
18,19.0,0.00011599060826847432,55
19,20.0,0.0006221455522154502,55
20,21.0,0.0025475939334845977,55
21,22.0,0.008166742220611773,55
22,23.0,0.0209461132146705,55
23,24.0,0.04380681274351121,55
24,25.0,0.07596273868462475,55
25,26.0,0.11083210045358262,55
26,27.0,0.13784738383089898,55
27,28.0,0.14785757018434992,55
28,29.0,0.1382017519665729,55
29,30.0,0.11362194815632944,55
30,31.0,0.08285991539451511,55
31,32.0,0.05400910456035358,55
32,33.0,0.03168334599272787,55
33,34.0,0.01683329556081101,55
34,35.0,0.008146594539706592,55
35,36.0,0.0036102378127194023,55
36,37.0,0.001472124089117865,55
37,38.0,0.0005547921904758991,55
38,39.0,0.00019403124929553587,55
39,40.0,6.321373850801983e-05,55
0,1.0,2.712421830550966e-120,56
1,2.0,1.7348000587107065e-87,56
2,3.0,5.019461061324207e-69,56
3,4.0,1.945959726366188e-56,56
4,5.0,4.566386683240575e-47,56
5,6.0,9.874923316082068e-40,56
6,7.0,8.410669657361424e-34,56
7,8.0,6.714330468401204e-29,56
8,9.0,8.788724245888753e-25,56
9,10.0,2.7633364926276363e-21,56
10,11.0,2.7403688923635342e-18,56
11,12.0,1.0480621615063787e-15,56
12,13.0,1.8009070665240918e-13,56
13,14.0,1.5655830412347888e-11,56
14,15.0,7.565024241833624e-10,56
15,16.0,2.1919995865197793e-08,56
16,17.0,4.052421970568367e-07,56
17,18.0,5.032175929962856e-06,56
18,19.0,4.381905993003393e-05,56
19,20.0,0.0002774955178406793,56
20,21.0,0.001318369372277013,56
21,22.0,0.004826401550938619,56
22,23.0,0.013934198137006089,56
23,24.0,0.03237380059189867,56
24,25.0,0.06161177207245837,56
25,26.0,0.09756412867307909,56
26,27.0,0.13034706542378746,56
27,28.0,0.1487535020593444,56
28,29.0,0.14661982442767635,56
29,30.0,0.1260647414125108,56
30,31.0,0.09540282662182055,56
31,32.0,0.06406428798804775,56
32,33.0,0.03845504634205571,56
33,34.0,0.02077219637735477,56
34,35.0,0.010159196757174022,56
35,36.0,0.004523929174545416,56
36,37.0,0.001843670848680857,56
37,38.0,0.0006909001068081998,56
38,39.0,0.00023911372365589172,56
39,40.0,7.67362194196429e-05,56
0,1.0,9.728237083423434e-114,57
1,2.0,6.222868602032134e-83,57
2,3.0,1.3867978175086062e-65,57
3,4.0,9.551620167492471e-54,57
4,5.0,6.294939211785728e-45,57
5,6.0,5.107748334754994e-38,57
6,7.0,1.993505787879307e-32,57
7,8.0,8.441571699360246e-28,57
8,9.0,6.554081933201902e-24,57
9,10.0,1.3349584191514582e-20,57
10,11.0,9.210073138068244e-18,57
11,12.0,2.5991755752084125e-15,57
12,13.0,3.4626593521511144e-13,57
13,14.0,2.43418485273924e-11,57
14,15.0,9.863021291964668e-10,57
15,16.0,2.473371183000412e-08,57
16,17.0,4.0688731010441327e-07,57
17,18.0,4.607950207819237e-06,57
18,19.0,3.740534209797942e-05,57
19,20.0,0.0002252130635660851,57
20,21.0,0.0010355132117499716,57
21,22.0,0.0037283686451347942,57
22,23.0,0.010743059312665662,57
23,24.0,0.025247670491159033,57
24,25.0,0.049207101992484716,57
25,26.0,0.08070963690055492,57
26,27.0,0.1128677124122964,57
27,28.0,0.1361441888034017,57
28,29.0,0.1431269120495802,57
29,30.0,0.13236874520940575,57
30,31.0,0.10860311519772485,57
31,32.0,0.07965163706566987,57
32,33.0,0.052582429590968593,57
33,34.0,0.03144195077021661,57
34,35.0,0.017127468416217193,57
35,36.0,0.008544232230512665,57
36,37.0,0.003922318473370172,57
37,38.0,0.0016642893176954414,57
38,39.0,0.0006554009282482193,57
39,40.0,0.00024044663371950215,57
0,1.0,8.159236496963465e-104,58
1,2.0,5.665358526107221e-76,58
2,3.0,2.79755950280001e-60,58
3,4.0,1.4678317722613637e-49,58
4,5.0,1.4497337926837316e-41,58
5,6.0,2.7045762209606915e-35,58
6,7.0,3.26085295809764e-30,58
7,8.0,5.295014875293549e-26,58
8,9.0,1.8594871188228237e-22,58
9,10.0,1.9514173875058728e-19,58
10,11.0,7.707419752939037e-17,58
11,12.0,1.3584139756780075e-14,58
12,13.0,1.2158708672444344e-12,58
13,14.0,6.111321606274875e-11,58
14,15.0,1.8680398409927638e-09,58
15,16.0,3.702901123679011e-08,58
16,17.0,5.016777598925599e-07,58
17,18.0,4.852204685430011e-06,58
18,19.0,3.474727743931823e-05,58
19,20.0,0.000190005913065067,58
20,21.0,0.00081454131684045,58
21,22.0,0.002800251029741601,58
22,23.0,0.00787307069229958,58
23,24.0,0.018415821746052854,58
24,25.0,0.03638003607019585,58
25,26.0,0.06150599122055228,58
26,27.0,0.09004489740760206,58
27,28.0,0.11535491825325914,58
28,29.0,0.13053213520592208,58
29,30.0,0.13157037695672535,58
30,31.0,0.11902920458971172,58
31,32.0,0.09731619223482726,58
32,33.0,0.07235340524986765,58
33,34.0,0.049197025795459384,58
34,35.0,0.030752054790907438,58
35,36.0,0.017755140784048003,58
36,37.0,0.009509961542446144,58
37,38.0,0.004744350837202712,58
38,39.0,0.0022126944534410354,58
39,40.0,0.0009680418640647265,58
0,1.0,4.232548174358047e-108,59
1,2.0,3.064550173962618e-79,59
2,3.0,5.799194987792626e-63,59
3,4.0,7.739678940454445e-52,59
4,5.0,1.5533317437612458e-43,59
5,6.0,5.108757682518726e-37,59
6,7.0,9.845013069088049e-32,59
7,8.0,2.3782741805226425e-27,59
8,9.0,1.1762483985811328e-23,59
9,10.0,1.6649246224702647e-20,59
10,11.0,8.564541887550353e-18,59
11,12.0,1.9100161765534696e-15,59
12,13.0,2.1114036003547883e-13,59
13,14.0,1.2838947462194215e-11,59
14,15.0,4.664027297661988e-10,59
15,16.0,1.0818484540272278e-08,59
16,17.0,1.6919360339650252e-07,59
17,18.0,1.8663579284701421e-06,59
18,19.0,1.5080023017707364e-05,59
19,20.0,9.214713779344383e-05,59
20,21.0,0.0004376013925302593,59
21,22.0,0.0016534185081349194,59
22,23.0,0.005072531356337941,59
23,24.0,0.012861957953299448,59
24,25.0,0.027377176403238848,59
25,26.0,0.049594404617540895,59
26,27.0,0.07739750765048799,59
27,28.0,0.10519188265707077,59
28,29.0,0.12572251174776602,59
29,30.0,0.13329236474879055,59
30,31.0,0.12634911832954795,59
31,32.0,0.10784549326041967,59
32,33.0,0.08342526611515017,59
33,34.0,0.0588316319122675,59
34,35.0,0.03802522551105372,59
35,36.0,0.02263670829984855,59
36,37.0,0.012467889097222531,59
37,38.0,0.006379868481294192,59
38,39.0,0.003044600069590895,59
39,40.0,0.0013598247913620591,59
0,1.0,1.3188052933374835e-108,60
1,2.0,9.381518995750624e-80,60
2,3.0,1.7945973484239866e-63,60
3,4.0,2.449501574419719e-52,60
4,5.0,5.059976204119186e-44,60
5,6.0,1.7198226425910657e-37,60
6,7.0,3.4346272059268897e-32,60
7,8.0,8.616014945929829e-28,60
8,9.0,4.4320196979349375e-24,60
9,10.0,6.5326482639913386e-21,60
10,11.0,3.502860850004573e-18,60
11,12.0,8.149604691774888e-16,60
12,13.0,9.404831842267541e-14,60
13,14.0,5.9737159277411475e-12,60
14,15.0,2.2679394461718401e-10,60
15,16.0,5.50026335808969e-09,60
16,17.0,8.997376794014205e-08,60
17,18.0,1.0384624627817954e-06,60
18,19.0,8.782024330051174e-06,60
19,20.0,5.618113076198747e-05,60
20,21.0,0.00027939003111751863,60
21,22.0,0.001105697089257414,60
22,23.0,0.0035537606236794327,60
23,24.0,0.009441954517119851,60
24,25.0,0.02106248202783525,60
25,26.0,0.03999341370996138,60
26,27.0,0.06543066020002129,60
27,28.0,0.0932382443703696,60
28,29.0,0.11685230958990622,60
29,30.0,0.12992509878195976,60
30,31.0,0.1291728715945825,60
31,32.0,0.11565306995889792,60
32,33.0,0.09385357627532626,60
33,34.0,0.0694387140292569,60
34,35.0,0.04709093559593435,60
35,36.0,0.02941634048797764,60
36,37.0,0.017002442958813282,60
37,38.0,0.009130710159606708,60
38,39.0,0.00457327477127608,60
39,40.0,0.0021439392594983448,60
